{
    "__type__": "Deck",
    "children": [],
    "crowdanki_uuid": "071308d8-0b48-11e9-80aa-a45d36c91f21",
    "deck_config_uuid": "07183ea8-0b48-11e9-8012-a45d36c91f21",
    "deck_configurations": [
        {
            "__type__": "DeckConfig",
            "autoplay": true,
            "crowdanki_uuid": "07183ea8-0b48-11e9-8012-a45d36c91f21",
            "dyn": false,
            "lapse": {
                "delays": [
                    10
                ],
                "leechAction": 0,
                "leechFails": 8,
                "minInt": 1,
                "mult": 0.0
            },
            "maxTaken": 900,
            "name": "Default",
            "new": {
                "bury": false,
                "delays": [
                    1,
                    10
                ],
                "initialFactor": 2500,
                "ints": [
                    1,
                    4,
                    7
                ],
                "order": 0,
                "perDay": 20,
                "separate": true
            },
            "replayq": true,
            "rev": {
                "bury": false,
                "ease4": 1.3,
                "fuzz": 0.05,
                "hardFactor": 1.2,
                "ivlFct": 1.0,
                "maxIvl": 36500,
                "minSpace": 1,
                "perDay": 100
            },
            "timer": 1
        }
    ],
    "desc": "",
    "dyn": 0,
    "extendNew": 10,
    "extendRev": 50,
    "media_files": [
        "paste-34dd15bada71bb839d2bef58891ea47a156917c6.jpg",
        "paste-fc7ae3c3f208d64afb38286af85d6bec1018c914.jpg",
        "paste-6b092ac3220ff425a76a9f6f21501cb92773a8a2.jpg",
        "paste-a83eb8d57d6635d34385f1e36b86c4994015643a.jpg",
        "paste-40938887b2b6439119cdac5c3773899353c7a760.jpg"
    ],
    "name": "Houseman Handbook",
    "note_models": [
        {
            "__type__": "NoteModel",
            "crowdanki_uuid": "07188464-0b48-11e9-a9f4-a45d36c91f21",
            "css": "ruby rt { \n visibility: hidden; \n} \n\nruby:hover rt { \n visibility: visible; \n}\n\n.card {\n font-family: optima;\n font-size: 20px;\n text-align: center;\n color: black;\n background: url(\"bg.jpg\");\n}\n\n.android .card {\n font-family: Noto Sans CJK JP Regular;\n font-size: 18px;\n text-align: center;\n color: black;\n background: url(\"bg.jpg\");\n}\n\n.frontbg {\n background-color: #18adab;\n border-radius: 7px;\n color: #fff;\n position: relative;\n left: 0;\n}\n\n.engdefbg {\n font-family: Raleway;\n font-style: italic;\n padding: 15px;\n margin-left: -5px;\n margin-top: -15px;\n color: #18adab;\n font-size: 15px;\n}\n\n.android .engdefbg {\n font-family: Raleway;\n font-style: italic;\n padding: 15px;\n margin-left: -15px;\n margin-top: -20px;\n color: #18adab;\n font-size: 10px;\n}\n\n.others {\n position: relative;\n top: 15px;\n border: 1px dotted #72c8e1;\n color: #18adab;\n font-size: 20px;\n width: auto;\n padding-top: 15px;\n padding-left: 20px;\n padding-bottom: 15px;\n padding-right: 20px;\n margin-bottom: 35px;\n}\n\n.android .others {\n position: relative;\n top: 10px;\n border: 1px dotted #72c8e1;\n color: #18adab;\n font-size: 17px;\n width: auto;\n padding-top: 8px;\n padding-left: 15px;\n padding-bottom: 8px;\n padding-right: 15px;\n margin-bottom: 20px;\n}\n\n.sentence {\n font-size: 25px;\n margin-top: -20px;\n margin-bottom: 5px;\n}\n\n.android .sentence {\n font-size: 17px;\n margin-top: -15px;\n}\n\n.backbg {\n position: relative;\n top: -3px;\n background-color: #fff;\n padding: 15px;\n padding-bottom: 15px;\n padding-left: 30px;\n padding-right: 30px;\n border-radius: 0px 0px 10px 10px; \n color: #016ea6;\n font-size: 18px;\n text-align: left;\n}\n\n.android .backbg {\n position: relative;\n top: -5px;\n background-color: #fff;\n padding: 15px;\n padding-bottom: 15px;\n padding-left: 15px;\n padding-right: 15px;\n border-radius: 0px 0px 10px 10px; \n color: #016ea6;\n font-size: 16px;\n text-align: left;\n}\n\n.hira {\n font-size: 25px;\n line-height: 5px;\n padding-bottom: 40px;\n}\n\n.android .hira {\n font-size: 18px;\n line-height: 5px;\n padding-bottom: 25px;\n}\n\nhr {\n height: 2px;\n font-size: 30px;\n border: 0;\n background: #72c8e1;\n}\n\nu {\n text-decoration: none;\n border-bottom: 1px dotted;\n}\n\n/* This line is Added by Cloze Furigana Tools to make its various features work. CFT.260.00*/.hidden {visibility: hidden; font-size: 0;} .hidden .cloze, .cloze .hidden {visibility: visible; background-color: white;font-size: 0.8rem;} @-moz-document url-prefix() {ruby {position: relative;display: inline-block;} ruby rt {position: absolute;display: block;font-size: 0.5em;left: -50%;bottom: 115%;width: 210%;padding: 0;text-align: center;line-height:1em}} .hidden .basemaru {position:relative;} .hidden .basemaru:after {content: \"◯\"; visibility: visible; position:absolute; left:0;} .hidden .cloze .basemaru:after, .cloze .hidden .basemaru:after {visibility: hidden;} div{line-height: 2em;} .cloze_container .hidden {visibility: visible; background-color: white;}",
            "flds": [
                {
                    "font": "Arial",
                    "media": [],
                    "name": "Front",
                    "ord": 0,
                    "rtl": false,
                    "size": 20,
                    "sticky": false
                },
                {
                    "font": "Arial",
                    "media": [],
                    "name": "Back",
                    "ord": 1,
                    "rtl": false,
                    "size": 20,
                    "sticky": false
                }
            ],
            "latexPost": "\\end{document}",
            "latexPre": "\\documentclass[12pt]{article}\n\\special{papersize=3in,5in}\n\\usepackage[utf8]{inputenc}\n\\usepackage{amssymb,amsmath}\n\\pagestyle{empty}\n\\setlength{\\parindent}{0in}\n\\begin{document}\n",
            "name": "Basic-21664",
            "req": [
                [
                    0,
                    "all",
                    [
                        0
                    ]
                ]
            ],
            "sortf": 0,
            "tags": [],
            "tmpls": [
                {
                    "afmt": "<div class=frontbg>\n\n{{Front}}\n\n{{#Reading}}\n<div class=hira>\n{{Reading}}\n</div>\n{{/Reading}}\n\n</div>\n\n\n\n<div class=backbg>\n\n<div class=defbg>\n{{Back}}\n</div>\n\n{{#Sentence(s)}}\n<div class=sentence>\n{{Sentence(s)}}\n</div>\n{{/Sentence(s)}}\n\n{{#Other(s)}}\n<div class=others>\n{{Other(s)}}\n</div>\n{{/Other(s)}}\n\n\n</div>",
                    "bafmt": "",
                    "bqfmt": "",
                    "did": null,
                    "name": "Card 1",
                    "ord": 0,
                    "qfmt": "<div class=frontbg>\n\n{{Front}}\n\n\n</div>\n\n\n<!-- This line is Added by Cloze Furigana Tools to make its various features work. CFT.260.00 --><script>var rubys = document.getElementsByTagName('ruby'); var spans = document.getElementsByTagName('span'); for (var i=0; i < rubys.length; i++) { for (var s=0; s < spans.length; s++) { if ( spans[s].className === \"cloze\" && rubys[i].contains(spans[s])) { rubys[i].className = \"cloze_container\"; break; }}} </script>"
                }
            ],
            "type": 0,
            "vers": []
        },
        {
            "__type__": "NoteModel",
            "crowdanki_uuid": "8bae70a8-18a6-11e9-ba03-c48e8ff9289e",
            "css": ".card {\n font-family: arial;\n font-size: 20px;\n text-align: left;\n color: black;\n background-color: white;\n}\n",
            "flds": [
                {
                    "font": "Arial",
                    "media": [],
                    "name": "Front",
                    "ord": 0,
                    "rtl": false,
                    "size": 20,
                    "sticky": false
                },
                {
                    "font": "Arial",
                    "media": [],
                    "name": "Back",
                    "ord": 1,
                    "rtl": false,
                    "size": 20,
                    "sticky": false
                }
            ],
            "latexPost": "\\end{document}",
            "latexPre": "\\documentclass[12pt]{article}\n\\special{papersize=3in,5in}\n\\usepackage[utf8]{inputenc}\n\\usepackage{amssymb,amsmath}\n\\pagestyle{empty}\n\\setlength{\\parindent}{0in}\n\\begin{document}\n",
            "name": "Basic",
            "req": [
                [
                    0,
                    "all",
                    [
                        0
                    ]
                ]
            ],
            "sortf": 0,
            "tags": [
                "Cardiology",
                "Management",
                "PE"
            ],
            "tmpls": [
                {
                    "afmt": "{{FrontSide}}\n\n<hr id=answer>\n\n{{Back}}",
                    "bafmt": "",
                    "bqfmt": "",
                    "did": null,
                    "name": "Card 1",
                    "ord": 0,
                    "qfmt": "{{Front}}"
                }
            ],
            "type": 0,
            "vers": []
        }
    ],
    "notes": [
        {
            "__type__": "Note",
            "data": "",
            "fields": [
                "Diagnostic Criteria of DKA",
                "Plasma glucose &gt; 14 mmol/L<div>Arterial pH &lt; 7.3</div><div>Plasma&nbsp;bicarbonate &lt; 15 mmol/L, (high anion gap)</div><div>Moderate ketonuria or&nbsp;ketonemia (or high serum beta-hydroxybutyrate BHBA.)<br></div>"
            ],
            "flags": 0,
            "guid": "oD}!)6*C3k",
            "note_model_uuid": "07188464-0b48-11e9-a9f4-a45d36c91f21",
            "tags": [
                "DKA",
                "Endocrinology"
            ]
        },
        {
            "__type__": "Note",
            "data": "",
            "fields": [
                "Initial treatment of DKA",
                "- Hydration: 1-2 litre/hr 0.9%&nbsp;saline (NS)<br><div>- Insulin: 0.15 unit/kg (10 unit) as IV bolus, set up insulin pump<br></div><div>&nbsp;--- When BG &lt;= 14 mmol/L, change to D5 and decrease dose of insulin&nbsp;or give 5-10 units sc q4h, adjusting dose of insulin to maintain blood glucose between 8-12 mmol/L.</div><div>- Potassium: K -&nbsp;10 - 20 mmol/hr, target 4-5</div><div>-&nbsp;NaHCO3: pH 6.9-7 - 50 mmol NaHCO3 in 1 hr/ pH &lt; 6.9 - 100 mmol NaHCO3 in 2 hr</div>"
            ],
            "flags": 0,
            "guid": "GrU[rUaeKt",
            "note_model_uuid": "07188464-0b48-11e9-a9f4-a45d36c91f21",
            "tags": [
                "DKA",
                "Endocrinology"
            ]
        },
        {
            "__type__": "Note",
            "data": "",
            "fields": [
                "Diagnostic criteria of diabetic hyperosmolar hyperglycemic states",
                "blood glucose &gt; 33 mmol/L (arbitrary)<div>arterial pH &gt;&nbsp;7.3</div><div>serum bicarbonate &gt; 15 mmol/L</div><div>effective serum osmolality ((2x&nbsp;measured Na) + glucose) &gt; 320 mOsm/kg H2O</div><div>mild ketonuria or&nbsp;ketonemia,&nbsp;</div><div>usually in association with change in mental state.<br></div>"
            ],
            "flags": 0,
            "guid": "oUXeU}aI]{",
            "note_model_uuid": "07188464-0b48-11e9-a9f4-a45d36c91f21",
            "tags": [
                "Endocrinology",
                "HHS,"
            ]
        },
        {
            "__type__": "Note",
            "data": "",
            "fields": [
                "Insulin regime for T2DM fasting glycemia",
                "Fasting Glycaemia alone<div><br>- Give <b>bed-time intermediate-acting </b>insulin, start with 0.1- 0.2&nbsp;unit/kg<br>- Continue metformin and other oral hypoglycemic agents if&nbsp;appropriate<br>- Consider <b>adding DPP4 inhibitor</b> as adjunctive to insulin to&nbsp;optimise control<br></div>"
            ],
            "flags": 0,
            "guid": "l2%4[c:g;M",
            "note_model_uuid": "07188464-0b48-11e9-a9f4-a45d36c91f21",
            "tags": [
                "DM",
                "Endocrinology",
                "insulin"
            ]
        },
        {
            "__type__": "Note",
            "data": "",
            "fields": [
                "Insulin regime for T2DM daytime glycemia",
                "- Start with intermediate-acting or pre-mixed insulin <b>30 mins</b>&nbsp;before <b>breakfast </b>(AM insulin) and before <b>dinner </b>(PM insulin)&nbsp;(Daily dose 0.2-0.5 unit/kg in ratio of 2:1 or 1:1)<br>- <b>Adjust </b>dosage according to fasting and post-meal <b>h’stix</b><br>- If fasting glucose persistently high, check blood <b>sugar at&nbsp;mid-night</b>:<br>--- If hypoglycaemic, reduce pre-dinner dose by 5-10% (Somogyi phenomenon)<br>--- If hyperglycaemic, may need to consider MDI (multiple dose&nbsp;insulin regimes)"
            ],
            "flags": 0,
            "guid": "tQ2ve5Ls.F",
            "note_model_uuid": "07188464-0b48-11e9-a9f4-a45d36c91f21",
            "tags": [
                "DM",
                "Endocrinology",
                "insulin"
            ]
        },
        {
            "__type__": "Note",
            "data": "",
            "fields": [
                "Insulin regime for T1DM",
                "Start with 0.5 unit/kg/day<div><br>a. For twice daily regimes:<br>- <b>Give 2/3 or half</b> of total daily insulin dose <b>pre-breakfast</b><br>and<b> 1/3 or half pre-dinner</b> in the evening (30 mins before<br>meals) in the form of pre-mixed insulin<br>- Advise on “multiple small meals” to avoid late afternoon<br>and nocturnal hypoglycaemia</div><div><br>b. For multiple daily dose regimes:<br>- Give 40-60% total daily dose as<b> intermediate-acting</b><br>insulin <b>before bed-time</b> to satisfy basal needs. Adjust<br>dose according to fasting glucose.<br>- Give the <b>remaining </b>40-60% as<b> regular insulin</b>, divided into<br><b>3 roughly equal doses pre-prandially</b> (slightly higher AM<br>dose to cover for Dawn Phenomenon, and slightly higher<br>dose before main meal of the day)<br></div>"
            ],
            "flags": 0,
            "guid": "LF`n(eK|XV",
            "note_model_uuid": "07188464-0b48-11e9-a9f4-a45d36c91f21",
            "tags": [
                "DM",
                "Endocrinology",
                "insulin"
            ]
        },
        {
            "__type__": "Note",
            "data": "",
            "fields": [
                "Management of hypoglycemia",
                "a. <b>D50 40 cc iv</b> stat, follow with <b>D10 drip</b><br>b. <b>Glucagon 1 mg IMI</b> (avoid in suspected phaeochromocytoma)&nbsp;or oral glucose (after airway protection) if cannot establish iv&nbsp;line<br>c. Monitor <b>blood glucose</b> and <b>h’stix</b> every <b>1-2 hrs</b> till stable<br>d. Duration of observation depends on R/LFT and type of<br>insulin/drug (in cases of overdose)<div><br></div><div>*oral glucose syrup if conscious</div>"
            ],
            "flags": 0,
            "guid": "Cv4:q38HFr",
            "note_model_uuid": "07188464-0b48-11e9-a9f4-a45d36c91f21",
            "tags": [
                "Endocrinology",
                "hypoglycemia"
            ]
        },
        {
            "__type__": "Note",
            "data": "",
            "fields": [
                "Managment of HT crisis in pheochromocytoma",
                "1. <b>Phentolamine </b>0.5-5 mg iv, then 2-20 micrograms/kg/hr infusion or<br><b>Nitroprusside </b>infusion 0.3-8 micrograms/kg/min<br>2. Volume repletion<br>3. <b>Propranolol </b>if tachycardia (only after adequate a-blockade)<br>4. <b>Labetalol infusion </b>at 1-2 mg/min (max 200 mg).<br>5. ICU monitoring"
            ],
            "flags": 0,
            "guid": "v*.;O:#TXv",
            "note_model_uuid": "07188464-0b48-11e9-a9f4-a45d36c91f21",
            "tags": [
                "Endocrinology",
                "pheochromocytoma"
            ]
        },
        {
            "__type__": "Note",
            "data": "",
            "fields": [
                "Surgical management &amp; bedside procedure for ascites",
                "<div>C. Therapeutic paracentesis can be used in refractory ascites<br>- Exclude spontaneous bacterial peritonitis before paracentesis<br>- Caution in patients with hypotension and raised serum<br>creatinine, monitor vital signs during paracentesis<br>- If &gt;5L fluid removed, give IV albumin 6-8g per litre tapped<br>D. Consider TIPS in refractory ascites<br>E. Referral to liver transplant centre for potential candidate<br></div>"
            ],
            "flags": 0,
            "guid": "BQ2MFX^:>P",
            "note_model_uuid": "07188464-0b48-11e9-a9f4-a45d36c91f21",
            "tags": [
                "Hepatology",
                "ascites"
            ]
        },
        {
            "__type__": "Note",
            "data": "",
            "fields": [
                "Conservative (medical) management for ascites",
                "Conservative Treatment (aim to reduce BW by 0.5 kg/day)<br>1.<b> Low salt</b> diet (2g/day)<br>2. <b>Fluid restriction</b> (1-1.5L/day) if dilutional hyponatremia Na<br>&lt;120-125 mmol/L<br>3. <b>Monitor input/output, body weight, urine sodium</b><br>4. <b>Spironolactone </b>starting at 50 mg daily (single morning dose)<br>alone or with <b>Lasix </b>20 mg daily as combination therapy.<br>5. Increase the dose stepwise (maintaining the <b>100mg : 40mg</b><br>ratio) every 5-7days to the maximum spironolactone<br>400mg/day and Lasix 160mg/day if no response (if weight<br>loss and natriuresis are inadequate)<br>6. <b>Amiloride </b>(10-40mg/day) can be substituted for<br>spironolactone in patients with tender gynaecomastia<br>7. Once ascites has largely resolved, dose of diuretics should be<br>reduced and discontinued later whatever possible.<br>8. All diuretics should be discontinued if there is severe<br>hyponatraemia &lt;120 mmol/L, progressive renal failure,<br>worsening hepatic encephalopathy, or incapacitating muscle<br>cramps<br>- Lasix should be stopped if there is severe hypokalemia<br>(&lt;3 mmol/L)<br>- Spironolactone should be stopped if there is severe<br>hyperkalaemia (&gt;6 mmol/L)"
            ],
            "flags": 0,
            "guid": "d-?%CNw5+J",
            "note_model_uuid": "07188464-0b48-11e9-a9f4-a45d36c91f21",
            "tags": [
                "Hepatology",
                "ascites"
            ]
        },
        {
            "__type__": "Note",
            "data": "",
            "fields": [
                "Signs and Symptoms of CAPD peritonitis",
                " Turbid fluid<br> Abdominal pain<br> Fever"
            ],
            "flags": 0,
            "guid": "w$w}.TP!Mh",
            "note_model_uuid": "07188464-0b48-11e9-a9f4-a45d36c91f21",
            "tags": [
                "CAPD",
                "Nephrology"
            ]
        },
        {
            "__type__": "Note",
            "data": "",
            "fields": [
                "Management of CAPD peritonitis",
                "a. Ask patient to come back immediately to dialysis unit for <b>collection<br>of PDF</b><br>b. Send PDF :<br> <b>White cell count</b> with <b>differential</b>, <b>gram smear</b><br> <b>Culture</b><br>c. <b>Rapid flushing</b> of 3 bags of PDF <b>with heparin</b> 500 units per litre for<br>symptomatic relief<br>d. Adequate <b>analgesia</b><br>e. Increase to 4 exchanges per day to improve ultrafiltration<br>f. <b>Heparin</b>: 500-1000 units/ L until signs and symptoms subsided or<br><b>until fibrin clots no longer visible</b><br>g. Preliminary antibiotics regime:<br><div>Loading dose:<br><b>Cefazolin </b>1 gram and <b>Cefepime </b>1 gram loading<b> IP</b>,<br>allow to dwell for at least 6 hours<br>Maintenance dose:<br>Cefazolin 1 gram + Cefepime 1 gram into last bag<br>daily (at least 6 hours dwell) x 13 days<br></div><div>h. <b>If patient has evidence of septicemia</b>, admit patient and give<br><b>parenteral antibiotics</b><br> Cefazolin 500 mg i.v.i. Q12Hr + Cefepime 1 Gm i.v.i. Q24H (if daily<br>urine &gt; 100 ml per day)<br> Cefazolin 500 mg i.v.i. Q12Hr + Gentamicin 100 mg Q48Hr (if anuria<br>and no recent aminoglycosides in 3 months)<br>i. Change antibiotics later according to culture and sensitivity result<br>and give adequate duration of antibiotics (14 – 21 days)<br>j. <b>Repeat PDF x WCC and gram smear, culture on D4,</b> reassess the S/S<br>k. <b>Consider removal of Tenckhoff catheter</b> if peritonitis fails to respond<br>to appropriate antibiotic within 5 days<br>l. <b>Change transfer set</b> after completion of antibiotics if patient<br>recovered<br></div>"
            ],
            "flags": 0,
            "guid": "uJzO&Z^]33",
            "note_model_uuid": "07188464-0b48-11e9-a9f4-a45d36c91f21",
            "tags": [
                "CAPD",
                "Nephrology"
            ]
        },
        {
            "__type__": "Note",
            "data": "",
            "fields": [
                "Treatment of fungal CAPD peritonitis",
                "- Arrange <b>removal of Tenckhoff</b> catheter<br>- Arrange insertion of <b>triple-lumen central venous catheter</b> for&nbsp;<b>amphotericin B infusion</b> and <b>haemodialysis</b><br><b>- Continue CAPD</b> until on call to OT, drain out the PDF before<br>going to OT<div><br><b>-- Amphotericin B</b>:<br>Test dose – 1 mg in 100 ml D5 over 1 hr<br>then 10 mg / 200 ml D5 over 6 hr on D1, 20 mg / 200 ml D5 over 6&nbsp;hr from D2-21<br><b>-- alternative: Fluconazole</b>: 200 mg loading and then 100 mg daily p.o.&nbsp;x 3 weeks</div>"
            ],
            "flags": 0,
            "guid": "VY$&2uFBY",
            "note_model_uuid": "07188464-0b48-11e9-a9f4-a45d36c91f21",
            "tags": [
                "CAPD",
                "Nephrology"
            ]
        },
        {
            "__type__": "Note",
            "data": "",
            "fields": [
                "Perioperative antibiotics management for CAPD",
                "Antibiotic prophylaxis for procedure:<br> For <b>dental </b>procedure, a single oral dose of <b>amoxicillin </b>(2 g) 2&nbsp;hours before extensive dental procedures<br> For patients undergoing colonoscopy with <b>polypectomy </b>–&nbsp;<b>Ampicillin </b>(1 g) plus a single dose of an <b>aminoglycoside </b>(1.5&nbsp;mg/kg, max 80 mg), <b>with or without metronidazole</b>, given IV just&nbsp;prior to the procedure<br> The abdomen should be <b>emptied of fluid</b> prior to all procedures&nbsp;involving the abdomen or pelvis (such as colonoscopy, renal&nbsp;transplantation, and endometrial biopsy)"
            ],
            "flags": 0,
            "guid": "KkrZ+Ut[GT",
            "note_model_uuid": "07188464-0b48-11e9-a9f4-a45d36c91f21",
            "tags": [
                "CAPD",
                "Nephrology"
            ]
        },
        {
            "__type__": "Note",
            "data": "",
            "fields": [
                "Investigations for suspected aortic dissection",
                "- CXR, ECG, CK, TnI or TnT<br>- Transthoracic (not sensitive) +/- Transoesophageal echo<br>- Urgent Dynamic CT scan, MRA &amp; rarely aortogram"
            ],
            "flags": 0,
            "guid": "PL7tsF:@-d",
            "note_model_uuid": "07188464-0b48-11e9-a9f4-a45d36c91f21",
            "tags": [
                "Cardiology",
                "Dissection"
            ]
        },
        {
            "__type__": "Note",
            "data": "",
            "fields": [
                "Managment of Aortic Dissection",
                "1. <b>NPO</b>, <b>complete bed rest</b>, iv line<br>2. <b>Oxygen </b>4-6 L/min<br>3. <b>Morphine </b>iv 2-5 mg<br>4. Book <b>CCU or ICU bed</b> for intensive monitoring of BP/P<br>(Arterial line on the arm with higher BP), ECG &amp; I/O<div>5. Look for<b> life-threatening complication</b> – severe HT, cardiac&nbsp;tamponade, massive haemorrhage, severe AR, myocardial, CNS or&nbsp;renal ischaemia</div><div><br>6. Medical Management<br>- Therapeutic goals: reduction of systolic blood pressure to&nbsp;<b>100-120mmHg</b> (mean 60-75mmHg), and target heart rate of&nbsp;<b>60-70/min&nbsp;</b></div><div>- Intravenous <b>Labetalol</b>/&nbsp;Intravenous sodium <b>nitroprusside</b><br>- <b>Diltiazem </b>and <b>verapamil</b> are acceptable alternatives when&nbsp;beta-blockers are contraindicated (e.g. COAD)<br>(Avoid hydralazine or diazoxide as they produce reflex&nbsp;stimulation of ventricle and increase rate of rise of aortic&nbsp;pressure)<br>7. Start oral treatment unless surgery is considered<br>8. <b>Contact cardiothoracic surgeon</b> for all proximal dissection and&nbsp;complicated distal dissection,&nbsp;</div><div>e.g. shock, renal artery involvement,&nbsp;haemoperitoneum, limbs or visceral ischaemia, periaortic or&nbsp;mediastinal haematoma or haemoperitoneum (endovascular stent&nbsp;graft is an evolving technique in complicated type B dissection with&nbsp;high surgical risk).<br></div>"
            ],
            "flags": 0,
            "guid": "K#vo@1u2c^",
            "note_model_uuid": "07188464-0b48-11e9-a9f4-a45d36c91f21",
            "tags": [
                "Cardiology",
                "Dissection"
            ]
        },
        {
            "__type__": "Note",
            "data": "",
            "fields": [
                "Investigations for suspected pulmonary embolism",
                "- <b>Clotting time, INR, aPTT, ABG, D-dimer</b><br>- <b>CXR </b>(usu. normal, pleural effusion, focal oligaemia, <b>peripheral wedge</b>)<br>- <b>ECG </b>(sinus tachycardia, S1Q3T3, RBBB, RAD, P pulmonale)<br>- TTE +/- TEE; <b>lower limb Doppler</b> (up to 50% -ve in PE)<br>- <b>CT pulmonary angiography</b> (CTPA) or Spiral CT scan (sensitivity 91%,&nbsp;specificity 78%)<br>- <b>Ventilation-Perfusion scan</b> (if high probability: sensitivity 41%, specificity 97%)<div><br></div><div>Nice Chart Version</div><div><img src=\"paste-40938887b2b6439119cdac5c3773899353c7a760.jpg\"><br></div>"
            ],
            "flags": 0,
            "guid": "hwC2a43y3.",
            "note_model_uuid": "07188464-0b48-11e9-a9f4-a45d36c91f21",
            "tags": [
                "Cardiology",
                "PE"
            ]
        },
        {
            "__type__": "Note",
            "data": "",
            "fields": [
                "Management of pulmonary emolism",
                "1. Establish <b>central venous access</b>; <b>oxygen </b>4-6 L/min.<br>2. <b>Morphine </b>iv 2-5 mg.<br>3. a) Haemodynamically insignificant<br> <b>Unfractionated heparin</b> 5000 units iv bolus, then 500-1500<br>units/hr to keep<b> aPTT 1.5-2.5</b>X control or<br>Fraxiparine 0.4 ml sc q12h or <b>enoxaparin </b>1 mg/kg q12h<br> <b>Start warfarin on Day 2 to 3</b>: - 5 mg daily for 2 days, then 2 mg<br>daily on 3rd day, adjust dose to keep <b>INR 1.5-2.5</b> x control.<br>Discontinue heparin on Day 7-10.<br>b) Haemodynamically significant or evidence of dilated RV or<br>dysfunction (no C/I to thrombolytic)<br> Book <b>ICU/CCU</b>,<br> <b>Streptokinase </b>0.25 megaunit iv over 30 mins, then 0.1<br>megaunit/hr for 24 hrs; or <b>r-tPA</b> 100 mg iv over 2 hours<br><b>followed by heparin infusion</b> 500-1500 units/hr to keep <b>aPTT<br>1.5-2.5</b> x control<br> Consider <b>surgical embolectomy</b> if condition continues to<br>deteriorate, or <b>IVC filter</b> if PE occurred while on warfarin, or<br>recurrent PE,&nbsp;<div><b>mechanical ventilation</b> in profound hypoxic&nbsp;patient.<br></div>"
            ],
            "flags": 0,
            "guid": "bvX8xu^o56",
            "note_model_uuid": "07188464-0b48-11e9-a9f4-a45d36c91f21",
            "tags": [
                "Cardiology",
                "PE"
            ]
        },
        {
            "__type__": "Note",
            "data": "",
            "fields": [
                "Definition of hypertensive crisis",
                "<div><br></div><div>Malignant BP --&gt; <b>220/120</b> mmHg + <b>Grade III/IV fundal</b> changes</div><div><br></div> <div>Emergency&nbsp;</div><div>- Malignant or severe HT + <b>target organ damage</b>:</div><div>e.g. ICH, dissecting aneurysm, APO, encephalopathy, phaeochromocytoma crisis, eclampsia</div><div>---&gt; Need <b>Immediate reduction of BP</b> to target levels (initial phase drop in BP by 20-25% of baseline).</div> <div><br></div><div>Urgency&nbsp;</div><div>- Malignant HT without acute target organ damage</div> <div>- HT associated with <b>bleeding</b> (post-surgery, severe epistaxis, retinal haemorrhage, CVA etc.)</div> <div>- Severe HT + <b>pregnancy / AMI / unstable angina</b></div> <div>- <b>Catecholamine</b> excess or <b>sympathomimetic</b> overdose</div> <div>(rebound after withdrawal of clonidine / methyldopa;</div> <div>LSD, cocaine overdose; interactions with MAOI)</div> <div>--&gt; BP reduction <b>within 12-24 hours</b> to target levels</div>"
            ],
            "flags": 0,
            "guid": "Q,#eEc?wAf",
            "note_model_uuid": "07188464-0b48-11e9-a9f4-a45d36c91f21",
            "tags": [
                "Cardiology",
                "HT"
            ]
        },
        {
            "__type__": "Note",
            "data": "",
            "fields": [
                "Management of hypertensive crisis (D, A, V, I)",
                "<div>Mx</div><div><br></div> <div>1. Always <b>recheck BP</b> yourself at least twice</div> <div>2. Look for <b>target organ damage</b> (neurological, cardiac)</div> <div>3. Complete <b>bed rest</b>, <b>low salt</b> diet (NPO in HT emergency)</div> <div>4. <b>BP/P</b> q1h or more frequently, <b>monitor I/O </b>(Close monitoring</div> <div>in CCU/ICU with intra-arterial line in HT emergency)</div> <div>&nbsp;5. Check <b>CBP, R/LFT, cardiac enzymes, aPTT/PT, CXR, ECG,</b></div> <div><b>urine x RBC and albumin</b></div> <div>6. Aim: Controlled reduction (Rapid drop may ppt CVA / MI)</div>"
            ],
            "flags": 0,
            "guid": "KJ:(%1wznE",
            "note_model_uuid": "07188464-0b48-11e9-a9f4-a45d36c91f21",
            "tags": [
                "Cardiology",
                "HT"
            ]
        },
        {
            "__type__": "Note",
            "data": "",
            "fields": [
                "Management of hypertensive crisis (Drugs)",
                "<div>&nbsp;7. Hypertensive urgency</div><div>- Use oral route, BP/P q15 mins for 60 mins</div><div>- Patients already on antiHT, reinstitute&nbsp;<b>previous Rx</b></div><div>- No previous Px or failure of control despite reinstituting Rx for 4-6 hrs:</div><div><b>Metoprolol</b>&nbsp;50-200 mg bd /&nbsp;<b>Labetalol</b>&nbsp;200 mg&nbsp;<b>po</b>&nbsp;stat,&nbsp;</div><div>then 200 mg tds&nbsp;<b>Captopril</b>&nbsp;12.5-25 mg&nbsp;<b>po</b>&nbsp;stat, then tds po (if phaeo suspected)</div><div>Long acting Calcium antagonists (Isradipine 5mg/&nbsp;<b>Felodipine</b>&nbsp;5mg)</div><div>If not volume depleted,&nbsp;<b>lasix 20mg</b>&nbsp;or higher in renal insufficiency</div><div><br></div><div>&nbsp;- Aim:&nbsp;<b>Decrease BP to 160/110</b>&nbsp;over several hours</div><div>(Sublingual nifedipine may precipitate ischaemic insult due to rapid drop of BP)</div><div><br></div><div>&nbsp;8. Malignant HT or Hypertensive emergency</div><div>- <b>Labetalol</b> 20 mg <b>iv</b> over 2 mins. Rept 40 mg iv bolus if uncontrolled by 15 mins, then 0.5-2 mg/min infusion in D5 (max 300 mg/d), followed by 100-400 mg po bd</div><div>- <b>Na Nitroprusside</b> 0.25-10 microgram/kg/min <b>iv</b> <b>infusion</b> (50 mg in 100 ml D5 = 500 microgram/ml, start with 10 ml/hr and titrate to desired BP)</div><div>- Check BP every 2 mins till stable, then every 30 mins</div><div>- <b>Hydralazine</b> 5-10 mg slow iv over 20 mins, repeat q 30 mins or iv infusion at 200-300 microgram/min and titrate, then 10-100 mg po qid (avoid in AMI, dissecting aneurysm)</div><div>- Phentolamine 5-10 mg iv bolus, repeat 10-20 mins prn (for catecholamine crisis)</div>"
            ],
            "flags": 0,
            "guid": "ly}0Ry#k~{",
            "note_model_uuid": "07188464-0b48-11e9-a9f4-a45d36c91f21",
            "tags": [
                "Cardiology",
                "HT"
            ]
        },
        {
            "__type__": "Note",
            "data": "",
            "fields": [
                "Target BP level in the following situations:<br><div>- Chronic HT, elderly, acute CVA</div> <div>- Previously normotensive, post cardiac/vascular surgery</div> <div>- Acute aortic dissection</div>",
                "<div>- Chronic HT, elderly, acute CVA <b>170-180 / 100</b></div> <div>- Previously normotensive, post cardiac/vascular surgery <b>140 / 80</b></div> <div>- Acute aortic dissection <b>100-120 SBP</b></div>"
            ],
            "flags": 0,
            "guid": "M{n0*x|KYQ",
            "note_model_uuid": "07188464-0b48-11e9-a9f4-a45d36c91f21",
            "tags": [
                "Cardiology",
                "HT"
            ]
        },
        {
            "__type__": "Note",
            "data": "",
            "fields": [
                "Management of Ventricular Fibrillation or Pulseless Ventricular Tachycardia",
                "<div><b>Primary CDAB Survey</b></div><div><br></div> <div><b>Rapid Defibrillation</b></div> <div>DC Shock 360 J (monophasic defibrillation) or 200J (biphasic shock) if waveform is unknown, then check pulse</div><div><br></div> <div><b>Secondary ABCD Survey</b></div> <div><br></div><div><b>Adrenaline</b> 1 mg iv (10 ml of 1:10,000 solution)</div> <div>Repeat every 3-5 min</div> <div>OR</div> <div><b>Vasopressin</b> 40 international units IV, single dose, 1 time only</div><div><br></div> <div>DC Shock 360 J or equivalent biphasic within 30-60s and check pulse</div><div><br></div> <div>Consider antiarrhythmics</div> <div>- <b>Amiodarone</b> 300 mg iv push, can consider a second dose of 150 mg</div> <div>iv (maximum total dose 2.2 g over 24 hr)</div> <div>- <b>Lignocaine</b> 1-1.5 mg/kg iv push, can repeat in 3-5 minutes</div> <div>(maximum total dose 3 mg/kg)</div> <div>- <b>Procainamide</b> 30 mg/min (maximum total dose 17 mg/kg)</div>"
            ],
            "flags": 0,
            "guid": "zX!XsP.#gC",
            "note_model_uuid": "07188464-0b48-11e9-a9f4-a45d36c91f21",
            "tags": [
                "Arrhythmia",
                "Cardiology"
            ]
        },
        {
            "__type__": "Note",
            "data": "",
            "fields": [
                "Management of Pulseless Electrical Activity (Electromechanical Dissociation)",
                "<div>Primary CDAB and Secondary ABCD</div><div><br></div> <div><b>Consider causes</b>&nbsp;(“6H’s and 6T’s”) and give specific treatment</div> <div>Hypovolaemia</div> <div>Hypoxia</div> <div>Hydrogen ion (acidosis)</div> <div>Hyper / hypokalemia</div> <div>Hypothermia</div> <div>Hyper/hypoglycaemia</div><div><br></div><div>Tablets (drug overdose, accidents)<br></div><div>Tamponade, cardiac<br></div><div>Tension pneumothorax<br></div><div>Thrombosis, coronary (ACS)<br></div><div>Thrombosis, pulmonary (Embolism)<br></div><div>Trauma<br></div><div><br></div> <div><b>Adrenaline 1 mg iv </b>(10 ml of <b>1:10,000</b> solution) Repeat every 3-5 min</div>"
            ],
            "flags": 0,
            "guid": "q[EB.JKv#0",
            "note_model_uuid": "07188464-0b48-11e9-a9f4-a45d36c91f21",
            "tags": [
                "Arrhythmia",
                "Cardiology"
            ]
        },
        {
            "__type__": "Note",
            "data": "",
            "fields": [
                "Management of Asystole",
                "<div>Primary CDAB and Secondary ABCD</div> <div><br></div><div>Consider causes* (<b>6 H 6 T</b>)<br></div> <div><br></div><div><b>Transcutaneous pacing</b></div> <div>If considered, perform immediately. NOT for routine use</div><div><br></div> <div><b>Adrenaline</b> 1 mg iv (10 ml of 1:10,000 solution) Repeat every 3-5 min</div><div><br></div> <div>Consider to stop CPR for arrest victims who, despite successful deployment of advanced interventions, continue in asystole for more than <b>10 minutes</b> with no potential reversible cause</div>"
            ],
            "flags": 0,
            "guid": "uT1A{-Yz_`",
            "note_model_uuid": "07188464-0b48-11e9-a9f4-a45d36c91f21",
            "tags": [
                "Arrhythmia",
                "Cardiology"
            ]
        },
        {
            "__type__": "Note",
            "data": "",
            "fields": [
                "Management of variceal bleeding",
                "<div>A. Initial Management</div> <div> <b>maintain systolic BP</b> at <b>90-100mmHg</b> but avoid excessive volume restitution (increase portal pressure  early rebleeding)</div> <div> <b>restrictive blood transfusion</b>, aim at Hb <b>7-8g/dl</b></div> <div> correction of significant coagulopathy and thrombocytopenia</div><div><br></div> <div>B. <b>Vasoactive agents</b> should be initiated <b>before endoscopy</b>&nbsp;and&nbsp;<b>2-5 days after</b></div> <div> <b>Terlipressin</b>* 2 mg IV bolus Q4H</div> <div> <b>Octreotide</b> 50 micrograms iv bolus, then 50 micrograms/hour IV</div> <div>infusion</div> <div> <b>Somatostatin</b> 250 micrograms iv bolus, then 250 microgram/hour IV</div> <div>infusion</div><div><br></div> <div>C. <b>IV thiamine</b> for those with alcohol excess</div><div><br></div> <div>D. Anti-encephalopathy regimen</div> <div> Correct <b>fluid and electrolyte</b> imbalances</div> <div> <b>Lactulose</b> 10-20 ml q4-8H PO or via NG tube <b>aims at 2-3 BO</b><b>&nbsp;per day</b>.</div><div><br></div> <div>E. Prevention of sepsis</div> <div> IV <b>ciprofloxacin</b> 400-500mg bd (patients with preserved liver function), or IV <b>ceftriaxone</b> 1g/day (patients with advanced cirrhosis or known quinolone-resistance), or IV ertapenem 1g/day (patients with recent ESBL-Enterobacteriaceae infection)</div><div><br></div> <div>F. Endoscopic treatment<br></div> <div> <b>Upper endoscopy</b> ASAP once haemodynamically stable (sBP &gt;70mmHg)</div> <div> Esophageal <b>variceal ligation</b> (EVL) / <b>sclerotherapy</b> for oesophageal varices; Tissue glue like <b>N-butyl-cyanoacrylate injection</b> for gastric varices</div> <div> Vasoactive agents should be initated within 30 min after confirmation of variceal bleeding if not given prior to endoscopy</div> <div> <b>Proton-pump inhibitor (PPI) </b>or sucralfate should be given for<b> 2 weeks&nbsp;</b></div><div><br></div> <div>G. Uncontrolled/recurrent variceal bleeding</div> <div> Recurrent bleeding should be managed by <b>repeated endoscopy</b></div> <div> Refer to emergency surgery (port-systemic shunting, devascularisation) or <b>TIPS as salvage therapies</b> for uncontrolled bleeding</div> <div> <b>Balloon tamponade</b> should only be used as temporary measure (max 12-24 hr) until definite therapy is planned.</div><div><br></div> <div>H. Prevention of rebleeding</div> <div> <b>EVL</b> combined with a <b>non-selective beta-blocker</b>* (NSBB) is recommended as secondary prevention</div> <div> Combined NSBB and <b>isosorbide 5-mononitrate</b># are recommended if patient is unsuitable for EVL</div>"
            ],
            "flags": 0,
            "guid": "DhfOj@v^M}",
            "note_model_uuid": "07188464-0b48-11e9-a9f4-a45d36c91f21",
            "tags": [
                "Gastroenterology",
                "Varices"
            ]
        },
        {
            "__type__": "Note",
            "data": "",
            "fields": [
                "Management of peptic ulcer",
                "<div>A. Ulcer-healing drugs</div> <div> H2-antagonists for 8 weeks</div> <div><b>Famotidine</b> 20 mg bd or 40 mg nocte</div> <div> Proton-pump inhibitors (PPI)* for 4 - 6 weeks</div> <div><b>Omeprazole</b>/ <b>Esomeprazole</b> 20 mg om</div><div><br></div> <div>*PPI should be taken 30-60 min before meals</div><div><br></div> <div>B. Anti-Helicobacter pylori therapy</div><div><div>Standard triple therapy</div> <div><b>PPI</b> (bd) + <b>clarithromycin</b> (500mg bd) +&nbsp;<b>amoxicillin</b> (1g bd) for 7 days</div> <div>(substitute amoxicillin with metronidazole 500mg bd in case of penicillin allergy)</div></div><div><br></div><div><div>NSAID/ aspirin user with active peptic ulcer</div> <div> <b>NSAID</b> user: <b>discontinue NSAID</b></div> <div> Aspirin, non-bleeding peptic ulcer: continue aspirin</div><div> <b>Aspirin, bleeding</b> peptic ulcer: <b>stop aspirin</b>, resume once hemostasis secured</div><div><br></div> <div>D. Ulcer prevention</div> <div> H pylori ulcer:</div> <div>- maintenance acid suppression therapy not neccessary</div> <div> NSAID ulcer:</div> <div>- <b>avoid NSAID if high GI risk</b>&nbsp;or prior complicated peptic ulcer</div> <div>- <b>add PPI or misoprostol</b> (200 micrograms bd) as prophylaxis with NSAID or COX-2 inhibitor use</div> <div> Aspirin ulcer:</div> <div>- review the need for aspirin</div> <div>- <b>add PPI as prophylaxis</b> when resume aspirin</div> <div> Idiopathic ulcer:</div> <div>- <b>consider long-term maintenance PPI</b></div><div><br></div> <div>E. Follow-up Endoscopy</div> <div> Uncomplicated DU =&gt; Unnecessary if asymptomatic</div> <div> <b>GU</b> or <b>complicated (bleeding/ obstruction) or giant DU</b> (&gt;2cm) =&gt; untill complete healing confirmed</div></div><div><br></div><div><div>^High GI risk = more than 2 of the followings: age&gt;65, high dose NSAID,</div><div>previous history of peptic ulcer, concomitant use of aspirin, corticosteroids</div><div>or anti-coagulants</div></div>"
            ],
            "flags": 0,
            "guid": "DLQ;[}~<!P",
            "note_model_uuid": "07188464-0b48-11e9-a9f4-a45d36c91f21",
            "tags": [
                "Gastroenterology",
                "Varices"
            ]
        },
        {
            "__type__": "Note",
            "data": "",
            "fields": [
                "Management of pneumothorax&nbsp;",
                "<div>- Proceed to chest drain if bilateral pneumothorax / haemodynamically unstable.</div><div><br></div><div>- O2&nbsp; and analgesic prn</div><div>- Patients with significant breathlessness associated with any size of pneumothorax should undergo active intervention.</div><div><br></div> <div>Size : visible rim between lung margin and chest wall at level of hilum.</div><div><br></div><div>Secondary spontaneous pneumothorax (SSP) : underlying lung disease -&gt; &nbsp;Small bore chest drain<br></div> <div>Primary spontaneous pneumothorax (PSP):&nbsp; no underlying lung disease</div> <div>1. Minimal symptoms<br></div> <div>- Observation is treatment of choice for small (&lt; 2cm) PSP without breathlessness</div> <div>2. Symptomatic</div><div>- Needle aspiration (NA) or small-bore (&lt; 14 F) chest drain</div>"
            ],
            "flags": 0,
            "guid": "pVNsogSX+=",
            "note_model_uuid": "07188464-0b48-11e9-a9f4-a45d36c91f21",
            "tags": [
                "Pneumothorax",
                "Respirology"
            ]
        },
        {
            "__type__": "Note",
            "data": "",
            "fields": [
                "When do patients need to undergo surgical management for pneumothorax?",
                "<div>1. Recurrent pneumothorax</div><div>- Second ipsilateral pneumothorax</div><div>- First contralateral pneumothorax</div><div>- Synchronous bilateral spontaneous pneumothorax</div><div><br></div><div>2. Severe disease</div><div>- Persistent air leak at day 2 for SSP and day 3 to 5 for PSP</div><div>- Spontaneous haemothorax</div><div><br></div><div>3. Patients at risk</div><div>- Professions at risks (eg. pilots, divers)</div><div>- Pregnancy</div>"
            ],
            "flags": 0,
            "guid": "J[><@$Nz*r",
            "note_model_uuid": "07188464-0b48-11e9-a9f4-a45d36c91f21",
            "tags": [
                "Pneumothorax",
                "Respirology"
            ]
        },
        {
            "__type__": "Note",
            "data": "",
            "fields": [
                "Workup of pleural effusion",
                "<div>1. Pleural tapping should not be done for bilateral pleural effusions in clinical setting strongly suggestive of a transudate unless presence of atypical features or fail to respond to therapy</div> <div>2. <b>Diagnostic tapping</b> with bedside USG guidance improves success and reduces complications</div> <div>3. <b>Percutaneous pleural biopsy</b> only diagnostically useful in areas with high incidence of TB</div> <div>4. <b>Thoracoscopy</b> is next investigation of choice in exudative pleural effusions with inconclusive diagnostic pleural tap</div> <div>5. <b>Bronchoscopy</b> can be considered if presence of haemoptysis or clinical or radiologic features suggestive of endobronchial obstruction</div>"
            ],
            "flags": 0,
            "guid": "KT`(P~f86e",
            "note_model_uuid": "07188464-0b48-11e9-a9f4-a45d36c91f21",
            "tags": [
                "Pleural_effusion",
                "Respirology"
            ]
        },
        {
            "__type__": "Note",
            "data": "",
            "fields": [
                "Indications for pleural fluid drainage in pleural infection",
                "<div>1. <b>Frank pus</b> or turbid/cloudy pleural fluid on diagnostic tapping</div> <div>2. <b>Loculation on CXR</b> or pleural thickening with contrast enhancement on CT thorax</div> <div>3. <b>Positive gram-stain</b> +/- positive culture of pleural fluid</div> <div>4. Pleural fluid <b>biochemistry</b>: pH &lt;7.2, LDH &gt;1000 IU/L or glucose &lt;2.2mmol/L</div> <div>5. <b>Large</b> non-purulent effusions (&gt; 40% of hemithorax)<br></div>"
            ],
            "flags": 0,
            "guid": "NDuy3*HKn8",
            "note_model_uuid": "07188464-0b48-11e9-a9f4-a45d36c91f21",
            "tags": [
                "Pleural_effusion",
                "Respirology"
            ]
        },
        {
            "__type__": "Note",
            "data": "",
            "fields": [
                "<div>Indication for chest drain insertion in pleural effusion</div>",
                "<div>1. Empyema or complicated parapneumonic effusion</div> <div>2. Symptomatic malignant pleural effusion (see below)</div> <div>3. Haemothorax (surgical consultation is usually indicated)</div>"
            ],
            "flags": 0,
            "guid": "B|]:JP9QkP",
            "note_model_uuid": "07188464-0b48-11e9-a9f4-a45d36c91f21",
            "tags": [
                "Pleural_effusion",
                "Respirology"
            ]
        },
        {
            "__type__": "Note",
            "data": "",
            "fields": [
                "<div>Management of persistent/ recurrent malignant pleural effusion</div>",
                "<div>1. Supportive care</div> <div>2. Consult respiratory physician for difficult cases</div> <div>3. <b>Tube drainage</b> and <b>chemical pleurodesis</b></div> <div>&nbsp; Agent: <b>Talc</b> up to 5g in 100ml NS</div> <div>&nbsp; Must be performed under adequate <b>analgesia +/- sedation</b></div> <div>&nbsp; Clamp drain for <b>1 to 2 hours</b> post-sclerosant application, then release clamp</div> <div>&nbsp; Chest tube kept unclamped thereafter for drainage until daily output &lt;150ml /day and CXR shows the lung to be re-expanded with most of the effusion drained</div> <div>4. <b>Surgical pleurodesis</b> (can be considered in patients with good performance status)</div> <div>5. Long term <b>ambulatory indwelling pleural catheter</b> drainage (including patients with trapped lung)</div>"
            ],
            "flags": 0,
            "guid": "zSkMM_!TL9",
            "note_model_uuid": "07188464-0b48-11e9-a9f4-a45d36c91f21",
            "tags": [
                "Management",
                "Pleural_effusion",
                "Respirology"
            ]
        },
        {
            "__type__": "Note",
            "data": "",
            "fields": [
                "Risk factors for crohn's disease",
                "<div>1. smoking</div><div>2. prior appendicectomy</div><div>3. family history of IBD</div><div>4. hx of infectious GE in the prior one year</div>"
            ],
            "flags": 0,
            "guid": "eh6g]oENpd",
            "note_model_uuid": "07188464-0b48-11e9-a9f4-a45d36c91f21",
            "tags": [
                "Crohns_disease",
                "Gastroenterology"
            ]
        },
        {
            "__type__": "Note",
            "data": "",
            "fields": [
                "The 3 criteria for Montréal phenotypic classification in Crohn's disease (roughly)",
                "<div>A. <b>Age of onset</b>:&nbsp;</div><div>A1 &lt;16 yrs</div> <div>A2 17 – 40 yrs</div> <div>A3 &gt;40 yrs</div><div><br></div> <div>B. <b>Disease location</b>:&nbsp;</div><div>L1 Ileal</div> <div>L2 Colonic</div> <div>L3 Ileocolonic</div> <div>L4 Isolated upper GI (a modifier that can be added to L1-L3 when concomitant UGI disease is present)</div><div><br></div> <div>C. <b>Disease behavior</b>:&nbsp;</div><div>B1 Non-stricturing, non-penetrating</div> <div>B2 Stricturing</div> <div>B3 Penetrating</div> <div>p Perianal fistulae / abscess (added to B1-B3 when concomitant perianal disease is present)</div>"
            ],
            "flags": 0,
            "guid": "vuk5-oGBXy",
            "note_model_uuid": "07188464-0b48-11e9-a9f4-a45d36c91f21",
            "tags": [
                "Crohns_disease",
                "Gastroenterology"
            ]
        },
        {
            "__type__": "Note",
            "data": "",
            "fields": [
                "Three immediate life-threatening situations arising from SVCO",
                "1. Upper airway obstruction due to tumor obstruction<div>2. Severe laryngeal edema</div><div>3. Impaired conscious state due to cerebral edema</div>"
            ],
            "flags": 0,
            "guid": "q?y@HEJ#vw",
            "note_model_uuid": "07188464-0b48-11e9-a9f4-a45d36c91f21",
            "tags": [
                "Oncology",
                "SVCO"
            ]
        },
        {
            "__type__": "Note",
            "data": "",
            "fields": [
                "Management of SVCO",
                "1. Resuscitate the patient<div>--&gt; Airway, breathing, circulation</div><div><br></div><div>2. If immediate life-threatening</div><div>--&gt; Endovascular stenting</div><div>--&gt; dual anti-platelet x 3 months</div><div><br></div><div>3. Obtain tissue biopsy</div><div>(Sputum cytology, Endoscopic biospy, pleural biopsy, BM biopsy, excisional LN biopsy)</div><div>(Serum AFP, beta HCG etc.)</div><div><br></div><div>4. Empirical Mx</div><div>--&gt; Prop up</div><div>--&gt; Oxygen supplement</div><div>--&gt; Dexamethasone 4mg q6h IV</div>"
            ],
            "flags": 0,
            "guid": "K<bmto6h/J",
            "note_model_uuid": "07188464-0b48-11e9-a9f4-a45d36c91f21",
            "tags": [
                "Oncology",
                "SVCO"
            ]
        },
        {
            "__type__": "Note",
            "data": "",
            "fields": [
                "Management of Malignancy-related thromboembolism",
                "Long term anticoagulation<div>--&gt; LMWH x 6 months and beyond</div><div>--&gt; For patients with active cancer or receiving chemotherapy</div>"
            ],
            "flags": 0,
            "guid": "v8Ka;I5w+z",
            "note_model_uuid": "07188464-0b48-11e9-a9f4-a45d36c91f21",
            "tags": [
                "Oncology",
                "SVCO"
            ]
        },
        {
            "__type__": "Note",
            "data": "",
            "fields": [
                "Management for spinal cord compression",
                "<div>Investigation</div>- MRI of entire thecal sac (CT myelogram if CIx)<div>- Obtain tissue dx for management of primary</div><div><br></div><div><div>Management</div></div><div>1. General management</div><div>- Bed rest</div><div>- Dexamethasone 4mg q6h IV<br>- Pain control</div><div><br></div><div>2. Complication prevention</div><div>- Bowel care</div><div>- bladder catheterization for retention of urine</div><div>- Compression stockings</div><div><br></div><div>3. Definitive management</div><div>- Consult oncology x early treatment</div><div>- Consult orthopedics x stabilization</div>"
            ],
            "flags": 0,
            "guid": "J,[RsE.SF&",
            "note_model_uuid": "07188464-0b48-11e9-a9f4-a45d36c91f21",
            "tags": [
                "Oncology",
                "cord_compression"
            ]
        },
        {
            "__type__": "Note",
            "data": "",
            "fields": [
                "Causes of hypercalcemia of malignancy",
                "1. Humoral hypercalcemia due to PTHrP<div>2. Osteolysis from bony metastasis</div><div>3. Calcitriol-secreting lymphoma</div><div>4. Ectopic PTH secretion</div>"
            ],
            "flags": 0,
            "guid": "d^K]Ph9;.|",
            "note_model_uuid": "07188464-0b48-11e9-a9f4-a45d36c91f21",
            "tags": [
                "Oncology",
                "hypercalcemia"
            ]
        },
        {
            "__type__": "Note",
            "data": "",
            "fields": [
                "Management of hypercalcemia of malignancy",
                "- Ensure adequate <b>pain control</b><div>- <b>Systemic workup</b> for hypercalcemia (primary, any metastasis or recurrence)</div><div>- Consult oncology for disease control</div><div>- Systemic corticosteroid for calcitriol secreting lymphoma</div><div>- Fluid, Frusemide, Mithramycin... (<i>a per hypercalcemia Tx</i>)</div>"
            ],
            "flags": 0,
            "guid": "Ay;-mmQ$#u",
            "note_model_uuid": "07188464-0b48-11e9-a9f4-a45d36c91f21",
            "tags": [
                "Oncology",
                "hypercalcemia"
            ]
        },
        {
            "__type__": "Note",
            "data": "",
            "fields": [
                "Laboratory &amp; Clinical criteria of tumor lysis syndrome",
                "<div><u>Laboratory TLS</u> – At least 2 of the following (or a 25% change from baseline), within 3 days before/<b>7 days</b> after beginning chemotherapy.</div> <div>- <b>potassium</b> ≥6mmol/L&nbsp;</div> <div>- <b>urate</b> ≥ 0.5mmol/L</div> <div>- <b>phosphate</b> ≥1.45mmol/L</div> <div>- <b>calcium</b> ≤1.75mmol/L</div><div><br></div><div><u>Clinical TLS</u> – laboratory <i>+ any of the following</i>:</div> <div>- increased serum <b>creatinine</b> to ≥1.5 times ULN<br></div> <div>- <b>seizure</b></div> <div>- cardiac <b>arrhythmia</b></div> <div>- sudden <b>death</b></div>"
            ],
            "flags": 0,
            "guid": "N>Qr%9B_JE",
            "note_model_uuid": "07188464-0b48-11e9-a9f4-a45d36c91f21",
            "tags": [
                "Oncology",
                "tumor_lysis"
            ]
        },
        {
            "__type__": "Note",
            "data": "",
            "fields": [
                "Management of tumor lysis syndrome",
                "<b>1. Monitoring/ Ix</b><div>- Fluid input/output, ECG/cardiac monitoring</div><div>- serum potassium, urate, creatinine,&nbsp;</div><div>- calcium, phosphate,&nbsp;</div><div>- LDH,&nbsp;</div><div>- G6PD level</div><div><br></div><div><b>2. Treatment</b></div><div>- Rehydration</div>- Correct electrolyte disturbance<div>- Monitor and treat any arrhythmia (K+)</div><div>- Consider dialysis</div><div><br></div><div><b>3. Prophylaxis</b></div><div>- Hydration 3-4L/day, aim for u/o 150 ml/hr</div><div>- +/- diuretics</div><div>- Allopurinol adjusted for renal function</div>"
            ],
            "flags": 0,
            "guid": "P<pPQFp-AC",
            "note_model_uuid": "07188464-0b48-11e9-a9f4-a45d36c91f21",
            "tags": [
                "Oncology",
                "tumor_lysis"
            ]
        },
        {
            "__type__": "Note",
            "data": "",
            "fields": [
                "Management of stable narrow complex tachycardia",
                "<div>- Start with vagal manoeuvres after <b>ruling out carotid bruit</b><br></div><div>- <b>Adenosine</b> 10 mg rapid IV push, folowed by 20 mg</div><div>- if BP low</div><div>&nbsp; -- Synchronized DC <b>cardioversion</b>, starting 50 J</div><div>- if BP normal</div><div>&nbsp; -- <b>Verapamil</b></div><div>- Consider rate control <b>anti-arrhythmics</b> (Amiodarone, Beta blocker, Calcium channel blocker, Digoxin)</div><div><br></div><div>(Adenosine C/Ix in asthma &amp; causes flushing &amp; discomfort)<br></div><img src=\"paste-a83eb8d57d6635d34385f1e36b86c4994015643a.jpg\">"
            ],
            "flags": 0,
            "guid": "HrJEVEr/i|",
            "note_model_uuid": "07188464-0b48-11e9-a9f4-a45d36c91f21",
            "tags": [
                "Arrhythmia",
                "Cardiology"
            ]
        },
        {
            "__type__": "Note",
            "data": "",
            "fields": [
                "Management of stable wide complex tachycardia",
                "- Confirmed VT<div>&nbsp; -- EF &lt; 40%, CHF</div><div>&nbsp; &nbsp; &nbsp; -- <b>Amiodarone </b>or<b> lignocaine</b>, then <b>cardioversion</b></div><div>&nbsp; -- Normal cardiac function</div><div>&nbsp; &nbsp; &nbsp; -- Amiodarone or lignocaine or sotalol or procainamide</div><div><br></div><div>- Unconfirmed VT</div><div>&nbsp; -- <b>Adenosine</b> 10 mg rapid IV push, then 20 mg</div><div>&nbsp; -- EF &lt; 40%, CHF</div><div>&nbsp; &nbsp; &nbsp; -- <b>Amiodarone</b> then <b>cardioversion</b></div><div><b>&nbsp; </b>-- Normal cardiac function</div><div>&nbsp; &nbsp; &nbsp; -- Amiodarone or sotalol or procainamide</div><div><br></div><div><img src=\"paste-34dd15bada71bb839d2bef58891ea47a156917c6.jpg\"><br></div>"
            ],
            "flags": 0,
            "guid": "nQ~}5H8F}h",
            "note_model_uuid": "07188464-0b48-11e9-a9f4-a45d36c91f21",
            "tags": [
                "Arrhythmia",
                "Cardiology"
            ]
        },
        {
            "__type__": "Note",
            "data": "",
            "fields": [
                "Management of bradycardia",
                "- Assess ABC, vital signs<div>- Monitor BP, P, SaO2, cardiac monitor</div><div>- Hemodynamically unstable?</div><div>&nbsp; -- Yes</div><div>&nbsp; &nbsp; &nbsp; <b>Atropine</b> 0.5 - 1mg<br>&nbsp; &nbsp; &nbsp; Temporary <b>pacing</b></div><div>&nbsp; &nbsp; &nbsp; <b>Dopamine</b> 5-20 microgram/kg/min</div><div>&nbsp; &nbsp; &nbsp; <b>Adrenaline</b> 2-10 microgram/kg/min</div><div>&nbsp; -- No</div><div>&nbsp; &nbsp; &nbsp; Permanent pacing if second degree/ third degree heart block</div>"
            ],
            "flags": 0,
            "guid": "oT[MEJJ#WA",
            "note_model_uuid": "07188464-0b48-11e9-a9f4-a45d36c91f21",
            "tags": [
                "Arrhythmia",
                "Cardiology"
            ]
        },
        {
            "__type__": "Note",
            "data": "",
            "fields": [
                "Management of hypokalemia",
                "Ix:<div>- Serum RFT, total CO2, Bloof &amp; urine x TTKG (trans-tubular potassium gradient)</div><div>- Mg, Cl, ECG x baseline</div><div><br></div><div>Mx:</div><div>if ECG change &amp;/or K &lt; 2.5:</div><div>&nbsp; - Consult ICU/ put on cardiac monitor</div><div>&nbsp; - <b>KCl</b> 30-40 mmol/hr <b>in saline infusion</b>, may combine with <b>oral KCl</b></div><div>if otherwise:</div><div>&nbsp; -&nbsp;<b>KCl</b>&nbsp;20-30 mmol/hr&nbsp;<b>in saline infusion</b>, may combine with&nbsp;<b>oral KCl</b></div><div>if associated with metabolic acidosis</div><div><b>&nbsp;</b> - give <b>potassium citrate</b> solution QID in juice</div><div>&nbsp; - <b>bicarbonate</b> therapy in <b>separate IV line</b> if indicated</div><div>Hints:</div><div>- Stop diuretics if present</div><div>- consider mg depletion if resistent to treatment</div>"
            ],
            "flags": 0,
            "guid": "NNwE=]%X5s",
            "note_model_uuid": "07188464-0b48-11e9-a9f4-a45d36c91f21",
            "tags": [
                "Nephrology",
                "Potassium"
            ]
        },
        {
            "__type__": "Note",
            "data": "",
            "fields": [
                "Management of hyperkalemia",
                "Ix<div>- RFT, CO2, Cl, ECG, H'stix</div><div>- Exclude hemolysis</div><div>- set up <b><i><u>cardiac monitoring</u></i></b></div><div>Mx:</div><div>* Acute</div><div>&nbsp; - Discontinue K supplement, NSAID, ACEI, K-sparing diuretics</div><div>&nbsp; 1. <b>10% 10mL</b> IV <b>calcium gluconate </b>(cardioprotective)</div><div>&nbsp; 2. DKI:&nbsp;<b>10u</b> insulin over <b>50 mL D50</b></div><div>&nbsp; 3. Bicarbonate in separate IV line</div><div>&nbsp; 4. Oral <b>Resonium C </b>(reduce GI absorption)</div><div>&nbsp; 5. Salbutamol nebulizer</div><div>&nbsp; 6. Frusemide</div><div>&nbsp; 7. Hemodialysis</div><div>* Chronic</div><div>&nbsp; 1. Low K diet</div><div>&nbsp; 2. Diuretics - Frusemide</div><div>&nbsp; 3. Bicarbonate</div><div>&nbsp; 4. Fludrocortisone (if type 4 RTA)</div><div><br></div>"
            ],
            "flags": 0,
            "guid": "QyRo_TQ/]8",
            "note_model_uuid": "07188464-0b48-11e9-a9f4-a45d36c91f21",
            "tags": [
                "Nephrology",
                "Potassium"
            ]
        },
        {
            "__type__": "Note",
            "data": "",
            "fields": [
                "Management of hypercalcemia",
                "Ix:<div>- Corrected calcium level (Albumin + ionized Ca)</div><div>- Na, K, Mg, PO4, RFT</div><div>- ECG</div><div>Mx:</div><div>- Off Ca/ vit. D if any</div><div>- Volume repletion with <b>NS and frusemide</b>, aim urine output ~200 ml/hr</div><div>- <b>Pamidronate</b></div><div>- Salmon <b>calcitonin</b></div><div>- Mithramycin for malignancy-related hyperCa</div><div>- hydrodcortisone for vit D intoxication, some hematologyical malignancy</div><div>- Inorganic phosphate</div><div>- <b>Hemodialysis</b> with low Ca dialysate</div>"
            ],
            "flags": 0,
            "guid": "uoB$TX2jFk",
            "note_model_uuid": "07188464-0b48-11e9-a9f4-a45d36c91f21",
            "tags": [
                "Calcium",
                "Nephrology"
            ]
        },
        {
            "__type__": "Note",
            "data": "",
            "fields": [
                "Management of hypocalcemia",
                "Ix:<div>- Ca, PO4, ALP</div><div>- Mg, RFT</div><div>- Amylase, Ck</div><div>Mx</div><div>- Acute: IV&nbsp;<b>10% Ca gluconate</b> 20 ml, then 10% Ca gluconate 30 ml</div><div>- Chronic:</div><div>&nbsp; - Ca supplement</div><div>&nbsp; - Vit D (Calcitriol)</div>"
            ],
            "flags": 0,
            "guid": "M)HHg5X9*c",
            "note_model_uuid": "07188464-0b48-11e9-a9f4-a45d36c91f21",
            "tags": [
                "Calcium",
                "Nephrology"
            ]
        },
        {
            "__type__": "Note",
            "data": "",
            "fields": [
                "Management of hyponatremia",
                "Ix:<div>- RFT, serum/ urine osmolarity</div><div>- Spot urine x Na</div><div>Mx:</div><div>- Check hydration</div><div>- <i>Hypovolemia</i></div><div>&nbsp; - <b>NS 500 ml/hr </b>till BP normal, then replace NS according to Na deficit</div><div>- <i>Isovolemia</i></div><div>&nbsp; - <b>Symptomatic: 100 ml 5.85% NaCl over 4-6 hrs + Frusemide 40 mg IV</b></div><div>&nbsp; - <b>restrict water</b> intake &lt; 1000 ml/day</div><div>&nbsp; - <b>high salt</b> diet +/- Na supplement</div><div>&nbsp; - syringe <b>NaCl</b> 2g tds</div><div>&nbsp; - <b>Demeclocycline</b> 600-1200 mg/day (reduce response to ADH)</div><div>- <i>Hypervolemia</i></div><div>&nbsp; - <b>restrict water</b> intake &lt; 1000 ml/day</div><div>&nbsp; - <b>Frusemide</b> IV/ PO daily</div>"
            ],
            "flags": 0,
            "guid": "y|AIj*mv`}",
            "note_model_uuid": "07188464-0b48-11e9-a9f4-a45d36c91f21",
            "tags": [
                "Nephrology",
                "Sodium"
            ]
        },
        {
            "__type__": "Note",
            "data": "",
            "fields": [
                "Management of hypernatremia",
                "Ix:<div>- Serum/urine osmolality</div><div>Mx:</div><div>- Check hydration status</div><div>- <i>Hypo/isovolemia</i></div><div>&nbsp; - <b>NS 500 ml/hr repletion</b> until no orthostatic hypotension</div><div>&nbsp; - low Na: give <b>PO water</b>, high Na: replace with <b>D5 or 1/2 1/2</b></div><div>&nbsp; - Acute DI/ central DI: <b>DDAVP</b></div><div>&nbsp; - Chronic nephrogenic DI: <b>thiazide diuretic</b></div><div>- <i>Hypervolemia</i></div><div>&nbsp; - <b>D5 infusion + frusemide</b> IV or PO</div>"
            ],
            "flags": 0,
            "guid": "hK63SOldCc",
            "note_model_uuid": "07188464-0b48-11e9-a9f4-a45d36c91f21",
            "tags": [
                "Nephrology",
                "Sodium"
            ]
        },
        {
            "__type__": "Note",
            "data": "",
            "fields": [
                "Differentials of oligouria in renal transplant",
                "- Acute cyclosporin A/ tacrolimus toxicity<div>- Acute vascular thrombosis</div><div>- Acute tubular necrosis</div><div>- Acute graft rejection</div><div>- Obstructive uropathy</div><div>- Urinary leakage</div><div><br></div><div><img src=\"paste-6b092ac3220ff425a76a9f6f21501cb92773a8a2.jpg\"><br></div>"
            ],
            "flags": 0,
            "guid": "g_sL+Q4[.a",
            "note_model_uuid": "07188464-0b48-11e9-a9f4-a45d36c91f21",
            "tags": [
                "Nephrology",
                "Renal_transplant"
            ]
        },
        {
            "__type__": "Note",
            "data": "",
            "fields": [
                "Management (Ix) of oliguria in renal transplant patient",
                "<div>- Monitor: <b>I/O chart, hourly U/O</b></div><div>- Ix:&nbsp;</div><div>&nbsp; -- CBC, <b>LRFT</b>, <b>Cyclosporin/ tacrolimus</b> trough level</div><div>&nbsp; -- <b>MSU</b> routine microscopy C/St</div><div>&nbsp; -- <b>24 hr urine</b> x protein creatinine</div><div>&nbsp; -- Urgent <b>USG graft kidney</b> + doppler</div><div>&nbsp; -- Graft renal <b>biopsy</b></div><div>&nbsp; -- standby MAG-3/ DTPA</div><div>- Treat underlying cause<br></div>"
            ],
            "flags": 0,
            "guid": "nKjf:kkshc",
            "note_model_uuid": "07188464-0b48-11e9-a9f4-a45d36c91f21",
            "tags": [
                "Nephrology",
                "Renal_transplant"
            ]
        },
        {
            "__type__": "Note",
            "data": "",
            "fields": [
                "Presentation of acute graft rejection",
                "Clinical:<div>- <b>Oligouria</b>, <b>graft tenderness</b></div><div>- Fever, ankle edema, hypertension</div><div>Laboratory:</div><div>- Serum <b>creatinine increase of &gt; 20%</b> after excluding other causes</div>"
            ],
            "flags": 0,
            "guid": "B+3qVh4^)r",
            "note_model_uuid": "07188464-0b48-11e9-a9f4-a45d36c91f21",
            "tags": [
                "Nephrology",
                "Renal_transplant"
            ]
        },
        {
            "__type__": "Note",
            "data": "",
            "fields": [
                "Management (Ix) of infections in renal transplant patient",
                "- Search for infections<div>&nbsp; -- wound culture, urine IV lines, sputum, blood culture,&nbsp;</div><div>&nbsp; -- viral culture &amp; serology, CMV Ag, CXR</div><div>- Check for CBC D/C, LRFT, Cyclosporin/ Tacrolimus trough, 24hr urine x protein &amp; creatinine</div><div>- Avoid macrolide &amp; fluconazole -&gt; DDI with Cyclosporin &amp; Tacrolimus</div>"
            ],
            "flags": 0,
            "guid": "O.UZzlw8J.",
            "note_model_uuid": "07188464-0b48-11e9-a9f4-a45d36c91f21",
            "tags": [
                "Nephrology",
                "Renal_transplant"
            ]
        },
        {
            "__type__": "Note",
            "data": "",
            "fields": [
                "Management of suspected exit site infection",
                "Investigation<div>- Exit site swab x microscopy &amp; culture</div><div>Management</div><div>- if equivocal</div><div>&nbsp; -- <b>hibitane</b> dressing</div><div>&nbsp; -- local antibiotics: <b>gentamycin</b> cream, <b>bactroban</b> cream</div><div>- if strong suspicion - empirical abx</div><div>&nbsp; -- gram +: <b>oral cloxacillin or cephalexin</b> x 14 days</div><div>&nbsp; -- gram -: <b>oral ciprofloxacin</b> x 14 days</div><div>&nbsp; -- extend tx to 3 weeks if suspicious of Pseudomonas</div><div>&nbsp; - arrange <b>removal of Tenckhoff</b> if peritonitis</div><div>- if recurrent</div><div>&nbsp; -- counsel on personal hygiene, review exit site care, avoid traction on catheter</div><div>&nbsp; -- nasal swab x c/st, if grows S. aureus then give bactroban to eradicate carriage</div>"
            ],
            "flags": 0,
            "guid": "yE!2Rxyh?C",
            "note_model_uuid": "07188464-0b48-11e9-a9f4-a45d36c91f21",
            "tags": [
                "Nephrology",
                "Renal_transplant"
            ]
        },
        {
            "__type__": "Note",
            "data": "",
            "fields": [
                "Investigations for suspected acute kidney injury",
                "- Blood x <b>CBC, LRFT</b>, CO2, Cl, <b>Ca, PO4</b><div>- Amylase, urate</div><div>- <b>ABG</b>, CXR, <b>ECG</b></div><div>- <b>24 hr urine</b> x Na, K, Protein, Cr, CrCl</div><div>- <b>MSU</b> x microscopy C/St, dysmorphic RBC</div><div>- <b>Autoimmune markers</b>: ANF, DsDNA, C3 C4, ANCA, anti-GBM ...</div><div>- HBsAg/ Ab, anti-HCV (<b>urgent HBsAg</b> if hemodialysis)</div><div>- <b>urgent USG kidneys</b>, KUB</div>"
            ],
            "flags": 0,
            "guid": "oviH:JC<K6",
            "note_model_uuid": "07188464-0b48-11e9-a9f4-a45d36c91f21",
            "tags": [
                "Nephrology",
                "renal_failure"
            ]
        },
        {
            "__type__": "Note",
            "data": "",
            "fields": [
                "Management for suspected acute kidney injury",
                "D:&nbsp;<div>&nbsp; - <b>Low salt, low K, low phosphorus, low protein</b> diet</div><div>&nbsp; - <b>fluid intake</b> = 500 mL + U/O</div><div><div>V:</div><div>&nbsp; - Strict <b>I/O chart</b>, daily <b>BW</b> (aim &lt;1 kg increase / day)</div><div>D:</div></div><div>&nbsp; - <b>Fluid challenge</b> (500-1000 ml) if hypovolemia</div><div>&nbsp; - <b>Dopamine</b> 2.5 microgram/kg/min to improve renal blood flow</div><div>&nbsp; - Correct electrolyte imbalance (e.g. K, acidosis)</div><div>&nbsp; - Consider hemodialysis<br></div><div>&nbsp; - Avoid nephrotoxic drugs e.g. NSAID</div>"
            ],
            "flags": 0,
            "guid": "xiu4=f;U,E",
            "note_model_uuid": "07188464-0b48-11e9-a9f4-a45d36c91f21",
            "tags": [
                "Nephrology",
                "renal_failure"
            ]
        },
        {
            "__type__": "Note",
            "data": "",
            "fields": [
                "Indications for hemodialysis in AKI?",
                "<div>Idx:&nbsp;</div><div>- uncontrolled hyperK, (E)</div><div>- uncontrolled acidosis, (A)</div><div>- uncontrolled pulmonary edema (O)<br></div><div><br></div><div>(Gerneral indications for emergency hemodialysis: <b>A</b>cidosis <b>E</b>lectrolyte disturbance <b>I</b>ntoxication <b>O</b>verload of fluid <b>U</b>remia)</div>"
            ],
            "flags": 0,
            "guid": "Bcro]8{&_n",
            "note_model_uuid": "07188464-0b48-11e9-a9f4-a45d36c91f21",
            "tags": [
                "Nephrology",
                "renal_failure"
            ]
        },
        {
            "__type__": "Note",
            "data": "",
            "fields": [
                "Management for chronic renal failure",
                "D:<div>&nbsp; - Consult <b>dietitian</b> for calorie intake, low protein, low Na, low PO4 diet</div><div>&nbsp; - <b>Vitamin</b> intake<div>V:</div><div>&nbsp; - Strict <b>I/O chart, daily BW</b></div><div>&nbsp; - Monitor <b>AV fistula/ exit site dressing</b> daily for patient on HD/ CAPD</div><div>D:</div></div><div>&nbsp; - Control hypertension: long acting <b>CCB, BB, ACEI</b></div><div>&nbsp; - <b>Correct electrolyte disturbances</b> &amp; metabolic acidosis</div><div>&nbsp; - Symptomatic anemia: <b>Transfusion</b> with lasix coverage, consider EPO therapy</div>"
            ],
            "flags": 0,
            "guid": "OnzH$_&cp1",
            "note_model_uuid": "07188464-0b48-11e9-a9f4-a45d36c91f21",
            "tags": [
                "Nephrology",
                "renal_failure"
            ]
        },
        {
            "__type__": "Note",
            "data": "",
            "fields": [
                "Management of acute coronary syndrome",
                "1. Initial resuscitation<div>- Airway, breathing, circulation</div><div>- Monitor vitals: BP, Pulse, SpO2, RR, I/O, cardiac monitor</div><div><br></div><div>2. Initial assessment</div><div>- Serial ECG&nbsp;</div><div>- Serial Trop I, CK-MB</div><div>- Brief history</div><div>- CXR to r/o aortic dissection</div><div>- CBP, R/LFT, lipid profile</div><div>- APTT, INR x thrombolysis</div><div><br></div><div>3. Initial treatment</div><div>- Arrange CCU</div><div>- Complete bed rest</div><div>- O2 by nasal prong if hypoxic or in cardiac failure</div><div>- Loading dose aspirin 320mg chewed and swallowed</div><div>- Analgesia: morphine</div><div><br></div><div>4. Specific treatment according to STEMI/ N-STEMI&nbsp;</div>"
            ],
            "flags": 0,
            "guid": "kN#L*6;#f|",
            "note_model_uuid": "07188464-0b48-11e9-a9f4-a45d36c91f21",
            "tags": [
                "ACS",
                "Cardiology"
            ]
        },
        {
            "__type__": "Note",
            "data": "",
            "fields": [
                "Specific Treatment of STEMI",
                "1. Assess Hemodynamic stability<div>- if unstable, consider: IABP, inotrope</div><div><br></div><div>2. General management</div><div>- Beta blocker<br></div><div>- Aspirin</div><div>- Clopidogrel (or P2Y12 inhibitors)</div><div>- Anticoagulation (LMWH/ heparin)</div><div><br></div><div>3. Consider revascularization therapy if &lt;=12 h</div><div>- Elegible for fibrinolytics: Fibrinolytic&nbsp;</div><div>- CIx for fibrinolytics: Coronary cath then PCI or CABG</div><div><br></div><div>3. Continue medical management</div><div>- Beta blocker</div><div>- ACEI</div><div>- Statin</div><div>- Nitrate</div>"
            ],
            "flags": 0,
            "guid": "z,spRJ?W$7",
            "note_model_uuid": "07188464-0b48-11e9-a9f4-a45d36c91f21",
            "tags": [
                "ACS",
                "Cardiology"
            ]
        },
        {
            "__type__": "Note",
            "data": "",
            "fields": [
                "Choices of fibrinolytic therapy",
                "- TNK- tPA IV<div>- tPA IV</div><div>- Streptokinase IV</div>"
            ],
            "flags": 0,
            "guid": "GQR]2Iht^+",
            "note_model_uuid": "07188464-0b48-11e9-a9f4-a45d36c91f21",
            "tags": [
                "ACS",
                "Cardiology"
            ]
        },
        {
            "__type__": "Note",
            "data": "",
            "fields": [
                "Contraindications for fibrinolytic therapy",
                "<div><u>Intracranial</u></div><div>- Previous haemorrhagic stroke</div> <div>- Known malignant intracranial neoplasm</div> <div>- Known structural cerebrovascular lesion&nbsp;</div><div>- Significant closed head or facial trauma within 3 months<br></div><div>- Intracranial or intraspinal surgery within 2 months<br></div><div><br></div><div><u>Extracranial</u></div> <div>- Active bleeding or bleeding diathesis</div> <div>- Suspected aortic dissection</div> <div>- Severe uncontrolled hypertension&nbsp;</div> <div>- For Streptokinase, prior treatment within 6 months</div>"
            ],
            "flags": 0,
            "guid": "j[9hU#?%7)",
            "note_model_uuid": "07188464-0b48-11e9-a9f4-a45d36c91f21",
            "tags": [
                "ACS",
                "Cardiology"
            ]
        },
        {
            "__type__": "Note",
            "data": "",
            "fields": [
                "Pre-discharge management of MI patients",
                "<div><b><u>1. Secondary prevention of MI</u></b></div><div>- Aspirin (<i>Dual anti-platelet if intervention done</i>)<br></div><div><div>- Statin</div></div><div>- Beta blocker: Metoprolol</div><div><div>- ACEI/ angiotensin receptor blocker</div><div>+/- Aldosterone blocker if inadequate control with BB + ACEI</div></div><div><br></div><div><b><u>2. Exercise tolerance</u></b></div> <div>- Stress test (Pre-discharge or symptom limited stress 2-3 wks post MI)</div> <div>- Angiogram if +ve stress test or post-infarct angina</div><div><br></div><div><b><u>3. Lifestyle Modification</u></b></div><div>- Smoking</div><div>- Diet</div><div>- Exercise</div>"
            ],
            "flags": 0,
            "guid": "DaJ{|[Sl)g",
            "note_model_uuid": "07188464-0b48-11e9-a9f4-a45d36c91f21",
            "tags": [
                "ACS",
                "Cardiology"
            ]
        },
        {
            "__type__": "Note",
            "data": "",
            "fields": [
                "Complications of MI",
                "<b><u>A. Arrhythmia</u></b><div>-- &nbsp;Symptomatic sinus bradycardia</div><div>-- &nbsp;AV Block</div><div>-- &nbsp;Tachyarrhythmia</div><div><br></div><div><b><u>B. Pump Failure</u></b></div><div>-- &nbsp;RV Dysfunction -&gt; Set Swan-Ganz catheter to monitor PCWP. Rx with volume expansion</div><div>-- &nbsp;LV Dysfunction -&gt; Vasodilators, inotropes, IABP</div><div><br></div><div><b><u>C. Mechanical Complications</u></b></div><div>-- VSD</div><div>-- MR</div><div><b><u><br></u></b></div><div><b><u>D. Pericarditis (Dressler's)</u></b></div><div>-&gt; High dose aspirin, NSAID etc.</div>"
            ],
            "flags": 0,
            "guid": "@nHdKj2=^",
            "note_model_uuid": "07188464-0b48-11e9-a9f4-a45d36c91f21",
            "tags": [
                "ACS",
                "Cardiology"
            ]
        },
        {
            "__type__": "Note",
            "data": "",
            "fields": [
                "Specific treatement for N-STEMI",
                "<b>A. Anti-ischemic</b><div>-- nitrates</div><div>-- beta blocker (HR &lt; 60)</div><div>-- calcium channel blockers (if BB contraindicated)</div><div><b><br></b></div><div><b>B. Anti-thrombotic</b></div><div>-- Aspirin + Clopidogrel</div><div>-- LMWH</div><div><b><br></b></div><div><b>C. Anti-risk factors</b></div><div>-- Statin</div><div>-- ACEI</div><div><br></div>"
            ],
            "flags": 0,
            "guid": "l$EX-FXS28",
            "note_model_uuid": "07188464-0b48-11e9-a9f4-a45d36c91f21",
            "tags": [
                "ACS",
                "Cardiology"
            ]
        },
        {
            "__type__": "Note",
            "data": "",
            "fields": [
                "Adjusted Calcium formula",
                "<div>[\"<b>Corrected</b>\" Ca (mmol/L) = Ca measured (mmol/L) + 0.025 (40 - albumin (g/L))]<br></div>"
            ],
            "flags": 0,
            "guid": "d$7ATJw)#6",
            "note_model_uuid": "07188464-0b48-11e9-a9f4-a45d36c91f21",
            "tags": []
        },
        {
            "__type__": "Note",
            "data": "",
            "fields": [
                "Management of pulmonary embolism (HH)",
                "<img src=\"paste-fc7ae3c3f208d64afb38286af85d6bec1018c914.jpg\"><br><div>Note on onco patients: unless CIx, anti-coagulate with LMWH ≥6M (preferably &gt;6M) for active cancer or on chemo (LMWH has lower rate of recurrent thromboembolism + less DDI than warfarin, at similar bleed risk.)<br></div>"
            ],
            "flags": 0,
            "guid": "Drudl&#8kz",
            "note_model_uuid": "8bae70a8-18a6-11e9-ba03-c48e8ff9289e",
            "tags": [
                "Cardiology",
                "Management",
                "PE"
            ]
        }
    ]
}