{
    "__type__": "Deck",
    "children": [],
    "crowdanki_uuid": "0ba319a8-0b8f-11e9-b294-a45d36c91f21",
    "deck_config_uuid": "07183ea8-0b48-11e9-8012-a45d36c91f21",
    "deck_configurations": [
        {
            "__type__": "DeckConfig",
            "autoplay": true,
            "crowdanki_uuid": "07183ea8-0b48-11e9-8012-a45d36c91f21",
            "dyn": false,
            "lapse": {
                "delays": [
                    10
                ],
                "leechAction": 0,
                "leechFails": 8,
                "minInt": 1,
                "mult": 0.0
            },
            "maxTaken": 900,
            "name": "Default",
            "new": {
                "bury": false,
                "delays": [
                    1,
                    10
                ],
                "initialFactor": 2500,
                "ints": [
                    1,
                    4,
                    7
                ],
                "order": 0,
                "perDay": 20,
                "separate": true
            },
            "replayq": true,
            "rev": {
                "bury": false,
                "ease4": 1.3,
                "fuzz": 0.05,
                "hardFactor": 1.2,
                "ivlFct": 1.0,
                "maxIvl": 36500,
                "minSpace": 1,
                "perDay": 100
            },
            "timer": 1
        }
    ],
    "desc": "",
    "dyn": 0,
    "extendNew": 10,
    "extendRev": 50,
    "media_files": [
        "d3cd7c5e0be8450194bb8d1b2ece4077-oa-O.svg",
        "tmp2jv19f6w.png",
        "d3cd7c5e0be8450194bb8d1b2ece4077-oa-1-A.svg",
        "paste-b9e66131043ebe14d9c626bb9c57cdd5a58116bd.jpg",
        "d3cd7c5e0be8450194bb8d1b2ece4077-oa-1-Q.svg"
    ],
    "name": "Random criteria",
    "note_models": [
        {
            "__type__": "NoteModel",
            "crowdanki_uuid": "8bae70a8-18a6-11e9-ba03-c48e8ff9289e",
            "css": ".card {\n font-family: arial;\n font-size: 20px;\n text-align: left;\n color: black;\n background-color: white;\n}\n",
            "flds": [
                {
                    "font": "Arial",
                    "media": [],
                    "name": "Front",
                    "ord": 0,
                    "rtl": false,
                    "size": 20,
                    "sticky": false
                },
                {
                    "font": "Arial",
                    "media": [],
                    "name": "Back",
                    "ord": 1,
                    "rtl": false,
                    "size": 20,
                    "sticky": false
                }
            ],
            "latexPost": "\\end{document}",
            "latexPre": "\\documentclass[12pt]{article}\n\\special{papersize=3in,5in}\n\\usepackage[utf8]{inputenc}\n\\usepackage{amssymb,amsmath}\n\\pagestyle{empty}\n\\setlength{\\parindent}{0in}\n\\begin{document}\n",
            "name": "Basic",
            "req": [
                [
                    0,
                    "all",
                    [
                        0
                    ]
                ]
            ],
            "sortf": 0,
            "tags": [
                "Rheumatology",
                "Toxicology"
            ],
            "tmpls": [
                {
                    "afmt": "{{FrontSide}}\n\n<hr id=answer>\n\n{{Back}}",
                    "bafmt": "",
                    "bqfmt": "",
                    "did": null,
                    "name": "Card 1",
                    "ord": 0,
                    "qfmt": "{{Front}}"
                }
            ],
            "type": 0,
            "vers": []
        },
        {
            "__type__": "NoteModel",
            "crowdanki_uuid": "07188464-0b48-11e9-a9f4-a45d36c91f21",
            "css": "ruby rt { \n visibility: hidden; \n} \n\nruby:hover rt { \n visibility: visible; \n}\n\n.card {\n font-family: optima;\n font-size: 20px;\n text-align: center;\n color: black;\n background: url(\"bg.jpg\");\n}\n\n.android .card {\n font-family: Noto Sans CJK JP Regular;\n font-size: 18px;\n text-align: center;\n color: black;\n background: url(\"bg.jpg\");\n}\n\n.frontbg {\n background-color: #18adab;\n border-radius: 7px;\n color: #fff;\n position: relative;\n left: 0;\n}\n\n.engdefbg {\n font-family: Raleway;\n font-style: italic;\n padding: 15px;\n margin-left: -5px;\n margin-top: -15px;\n color: #18adab;\n font-size: 15px;\n}\n\n.android .engdefbg {\n font-family: Raleway;\n font-style: italic;\n padding: 15px;\n margin-left: -15px;\n margin-top: -20px;\n color: #18adab;\n font-size: 10px;\n}\n\n.others {\n position: relative;\n top: 15px;\n border: 1px dotted #72c8e1;\n color: #18adab;\n font-size: 20px;\n width: auto;\n padding-top: 15px;\n padding-left: 20px;\n padding-bottom: 15px;\n padding-right: 20px;\n margin-bottom: 35px;\n}\n\n.android .others {\n position: relative;\n top: 10px;\n border: 1px dotted #72c8e1;\n color: #18adab;\n font-size: 17px;\n width: auto;\n padding-top: 8px;\n padding-left: 15px;\n padding-bottom: 8px;\n padding-right: 15px;\n margin-bottom: 20px;\n}\n\n.sentence {\n font-size: 25px;\n margin-top: -20px;\n margin-bottom: 5px;\n}\n\n.android .sentence {\n font-size: 17px;\n margin-top: -15px;\n}\n\n.backbg {\n position: relative;\n top: -3px;\n background-color: #fff;\n padding: 15px;\n padding-bottom: 15px;\n padding-left: 30px;\n padding-right: 30px;\n border-radius: 0px 0px 10px 10px; \n color: #016ea6;\n font-size: 18px;\n text-align: left;\n}\n\n.android .backbg {\n position: relative;\n top: -5px;\n background-color: #fff;\n padding: 15px;\n padding-bottom: 15px;\n padding-left: 15px;\n padding-right: 15px;\n border-radius: 0px 0px 10px 10px; \n color: #016ea6;\n font-size: 16px;\n text-align: left;\n}\n\n.hira {\n font-size: 25px;\n line-height: 5px;\n padding-bottom: 40px;\n}\n\n.android .hira {\n font-size: 18px;\n line-height: 5px;\n padding-bottom: 25px;\n}\n\nhr {\n height: 2px;\n font-size: 30px;\n border: 0;\n background: #72c8e1;\n}\n\nu {\n text-decoration: none;\n border-bottom: 1px dotted;\n}\n\n/* This line is Added by Cloze Furigana Tools to make its various features work. CFT.260.00*/.hidden {visibility: hidden; font-size: 0;} .hidden .cloze, .cloze .hidden {visibility: visible; background-color: white;font-size: 0.8rem;} @-moz-document url-prefix() {ruby {position: relative;display: inline-block;} ruby rt {position: absolute;display: block;font-size: 0.5em;left: -50%;bottom: 115%;width: 210%;padding: 0;text-align: center;line-height:1em}} .hidden .basemaru {position:relative;} .hidden .basemaru:after {content: \"◯\"; visibility: visible; position:absolute; left:0;} .hidden .cloze .basemaru:after, .cloze .hidden .basemaru:after {visibility: hidden;} div{line-height: 2em;} .cloze_container .hidden {visibility: visible; background-color: white;}",
            "flds": [
                {
                    "font": "Arial",
                    "media": [],
                    "name": "Front",
                    "ord": 0,
                    "rtl": false,
                    "size": 20,
                    "sticky": false
                },
                {
                    "font": "Arial",
                    "media": [],
                    "name": "Back",
                    "ord": 1,
                    "rtl": false,
                    "size": 20,
                    "sticky": false
                }
            ],
            "latexPost": "\\end{document}",
            "latexPre": "\\documentclass[12pt]{article}\n\\special{papersize=3in,5in}\n\\usepackage[utf8]{inputenc}\n\\usepackage{amssymb,amsmath}\n\\pagestyle{empty}\n\\setlength{\\parindent}{0in}\n\\begin{document}\n",
            "name": "Basic-21664",
            "req": [
                [
                    0,
                    "all",
                    [
                        0
                    ]
                ]
            ],
            "sortf": 0,
            "tags": [],
            "tmpls": [
                {
                    "afmt": "<div class=frontbg>\n\n{{Front}}\n\n{{#Reading}}\n<div class=hira>\n{{Reading}}\n</div>\n{{/Reading}}\n\n</div>\n\n\n\n<div class=backbg>\n\n<div class=defbg>\n{{Back}}\n</div>\n\n{{#Sentence(s)}}\n<div class=sentence>\n{{Sentence(s)}}\n</div>\n{{/Sentence(s)}}\n\n{{#Other(s)}}\n<div class=others>\n{{Other(s)}}\n</div>\n{{/Other(s)}}\n\n\n</div>",
                    "bafmt": "",
                    "bqfmt": "",
                    "did": null,
                    "name": "Card 1",
                    "ord": 0,
                    "qfmt": "<div class=frontbg>\n\n{{Front}}\n\n\n</div>\n\n\n<!-- This line is Added by Cloze Furigana Tools to make its various features work. CFT.260.00 --><script>var rubys = document.getElementsByTagName('ruby'); var spans = document.getElementsByTagName('span'); for (var i=0; i < rubys.length; i++) { for (var s=0; s < spans.length; s++) { if ( spans[s].className === \"cloze\" && rubys[i].contains(spans[s])) { rubys[i].className = \"cloze_container\"; break; }}} </script>"
                }
            ],
            "type": 0,
            "vers": []
        },
        {
            "__type__": "NoteModel",
            "crowdanki_uuid": "6de80f59-2532-11e9-b2c8-c48e8ff9289e",
            "css": "/* GENERAL CARD STYLE */\n.card {\n  font-family: \"Helvetica LT Std\", Helvetica, Arial, Sans;\n  font-size: 150%;\n  text-align: center;\n  color: black;\n  background-color: white;\n}\n\n/* OCCLUSION CSS START - don't edit this */\n#io-overlay {\n  position:absolute;\n  top:0;\n  width:100%;\n  z-index:3\n}\n\n#io-original {\n  position:relative;\n  top:0;\n  width:100%;\n  z-index:2;\n  visibility: hidden;\n}\n\n#io-wrapper {\n  position:relative;\n  width: 100%;\n}\n/* OCCLUSION CSS END */\n\n/* OTHER STYLES */\n#io-header{\n  font-size: 1.1em;\n  margin-bottom: 0.2em;\n}\n\n#io-footer{\n  max-width: 80%;\n  margin-left: auto;\n  margin-right: auto;\n  margin-top: 0.8em;\n  font-style: italic;\n}\n\n#io-extra-wrapper{\n  /* the wrapper is needed to center the\n  left-aligned blocks below it */\n  width: 80%;\n  margin-left: auto;\n  margin-right: auto;\n  margin-top: 0.5em;\n}\n\n#io-extra{\n  text-align:center;\n  display: inline-block;\n}\n\n.io-extra-entry{\n  margin-top: 0.8em;\n  font-size: 0.9em;\n  text-align:left;\n}\n\n.io-field-descr{\n  margin-bottom: 0.2em;\n  font-weight: bold;\n  font-size: 1em;\n}\n\n#io-revl-btn {\n  font-size: 0.5em;\n}\n\n/* ADJUSTMENTS FOR MOBILE DEVICES */\n\n.mobile .card, .mobile #content {\n  font-size: 120%;\n  margin: 0;\n}\n\n.mobile #io-extra-wrapper {\n  width: 95%;\n}\n\n.mobile #io-revl-btn {\n  font-size: 0.8em;\n}\n",
            "flds": [
                {
                    "font": "Arial",
                    "media": [],
                    "name": "ID (hidden)",
                    "ord": 0,
                    "rtl": false,
                    "size": 20,
                    "sticky": false
                },
                {
                    "font": "Arial",
                    "media": [],
                    "name": "Header",
                    "ord": 1,
                    "rtl": false,
                    "size": 20,
                    "sticky": false
                },
                {
                    "font": "Arial",
                    "media": [],
                    "name": "Image",
                    "ord": 2,
                    "rtl": false,
                    "size": 20,
                    "sticky": false
                },
                {
                    "font": "Arial",
                    "media": [],
                    "name": "Question Mask",
                    "ord": 3,
                    "rtl": false,
                    "size": 20,
                    "sticky": false
                },
                {
                    "font": "Arial",
                    "media": [],
                    "name": "Footer",
                    "ord": 4,
                    "rtl": false,
                    "size": 20,
                    "sticky": false
                },
                {
                    "font": "Arial",
                    "media": [],
                    "name": "Remarks",
                    "ord": 5,
                    "rtl": false,
                    "size": 20,
                    "sticky": false
                },
                {
                    "font": "Arial",
                    "media": [],
                    "name": "Sources",
                    "ord": 6,
                    "rtl": false,
                    "size": 20,
                    "sticky": false
                },
                {
                    "font": "Arial",
                    "media": [],
                    "name": "Extra 1",
                    "ord": 7,
                    "rtl": false,
                    "size": 20,
                    "sticky": false
                },
                {
                    "font": "Arial",
                    "media": [],
                    "name": "Extra 2",
                    "ord": 8,
                    "rtl": false,
                    "size": 20,
                    "sticky": false
                },
                {
                    "font": "Arial",
                    "media": [],
                    "name": "Answer Mask",
                    "ord": 9,
                    "rtl": false,
                    "size": 20,
                    "sticky": false
                },
                {
                    "font": "Arial",
                    "media": [],
                    "name": "Original Mask",
                    "ord": 10,
                    "rtl": false,
                    "size": 20,
                    "sticky": false
                }
            ],
            "latexPost": "\\end{document}",
            "latexPre": "\\documentclass[12pt]{article}\n\\special{papersize=3in,5in}\n\\usepackage[utf8]{inputenc}\n\\usepackage{amssymb,amsmath}\n\\pagestyle{empty}\n\\setlength{\\parindent}{0in}\n\\begin{document}\n",
            "name": "Image Occlusion Enhanced",
            "req": [
                [
                    0,
                    "all",
                    [
                        2
                    ]
                ]
            ],
            "sortf": 1,
            "tags": [],
            "tmpls": [
                {
                    "afmt": "{{#Image}}\n<div id=\"io-header\">{{Header}}</div>\n<div id=\"io-wrapper\">\n  <div id=\"io-overlay\">{{Answer Mask}}</div>\n  <div id=\"io-original\">{{Image}}</div>\n</div>\n{{#Footer}}<div id=\"io-footer\">{{Footer}}</div>{{/Footer}}\n<button id=\"io-revl-btn\" onclick=\"toggle();\">Toggle Masks</button>\n<div id=\"io-extra-wrapper\">\n  <div id=\"io-extra\">\n    {{#Remarks}}\n      <div class=\"io-extra-entry\">\n        <div class=\"io-field-descr\">Remarks</div>{{Remarks}}\n      </div>\n    {{/Remarks}}\n    {{#Sources}}\n      <div class=\"io-extra-entry\">\n        <div class=\"io-field-descr\">Sources</div>{{Sources}}\n      </div>\n    {{/Sources}}\n    {{#Extra 1}}\n      <div class=\"io-extra-entry\">\n        <div class=\"io-field-descr\">Extra 1</div>{{Extra 1}}\n      </div>\n    {{/Extra 1}}\n    {{#Extra 2}}\n      <div class=\"io-extra-entry\">\n        <div class=\"io-field-descr\">Extra 2</div>{{Extra 2}}\n      </div>\n    {{/Extra 2}}\n  </div>\n</div>\n\n<script>\n// Toggle answer mask on clicking the image\nvar toggle = function() {\n  var amask = document.getElementById('io-overlay');\n  if (amask.style.display === 'block' || amask.style.display === '')\n    amask.style.display = 'none';\n  else\n    amask.style.display = 'block'\n}\n\n// Prevent original image from loading before mask\naFade = 50, qFade = 0;\nvar mask = document.querySelector('#io-overlay>img');\nfunction loaded() {\n    var original = document.querySelector('#io-original');\n    original.style.visibility = \"visible\";\n}\nif (mask === null || mask.complete) {\n    loaded();\n} else {\n    mask.addEventListener('load', loaded);\n}\n</script>\n{{/Image}}\n",
                    "bafmt": "",
                    "bqfmt": "",
                    "did": null,
                    "name": "IO Card",
                    "ord": 0,
                    "qfmt": "{{#Image}}\n<div id=\"io-header\">{{Header}}</div>\n<div id=\"io-wrapper\">\n  <div id=\"io-overlay\">{{Question Mask}}</div>\n  <div id=\"io-original\">{{Image}}</div>\n</div>\n<div id=\"io-footer\">{{Footer}}</div>\n\n<script>\n// Prevent original image from loading before mask\naFade = 50, qFade = 0;\nvar mask = document.querySelector('#io-overlay>img');\nfunction loaded() {\n    var original = document.querySelector('#io-original');\n    original.style.visibility = \"visible\";\n}\nif (mask === null || mask.complete) {\n    loaded();\n} else {\n    mask.addEventListener('load', loaded);\n}\n</script>\n{{/Image}}\n"
                }
            ],
            "type": 0,
            "vers": []
        }
    ],
    "notes": [
        {
            "__type__": "Note",
            "data": "",
            "fields": [
                "HASBLED",
                "<div>HT</div> <div>Abn LRFT</div> <div>Stroke</div> <div>Bleeding history or risk</div> <div>Labile INR</div> <div>Elderly &gt;65</div> <div>Drugs (antiplatelet, NSAID) &amp; alcohol</div>"
            ],
            "flags": 0,
            "guid": "vq+jsqPKmr",
            "note_model_uuid": "8bae70a8-18a6-11e9-ba03-c48e8ff9289e",
            "tags": [
                "Cardiology"
            ]
        },
        {
            "__type__": "Note",
            "data": "",
            "fields": [
                "Light's criteria",
                "1. Pleural fluid protein / Serum proteins &gt;0.5.&nbsp;<div>2. Pleural fluid LDH / Serum LDH &gt;0.6.&nbsp;</div><div>3. Pleural fluid LDH &gt; 2/3 * Serum LDH Upper Limit of Normal.<br></div><div><br></div><div>(1 or more of above indicates it is exudative effusion)</div>"
            ],
            "flags": 0,
            "guid": "rQ#IRzcn*k",
            "note_model_uuid": "07188464-0b48-11e9-a9f4-a45d36c91f21",
            "tags": [
                "Pleural_effusion",
                "Respirology"
            ]
        },
        {
            "__type__": "Note",
            "data": "",
            "fields": [
                "CHA2DS2-VASC score",
                "<table width=\"718\">\n<tbody>\n<tr>\n<td width=\"30\">&nbsp;</td>\n<td width=\"55\">\n<p><strong>Points</strong></p>\n</td>\n<td width=\"633\">\n<p><strong>Condition</strong></p>\n</td>\n</tr>\n<tr>\n<td width=\"30\">\n<p><strong>&nbsp;C&nbsp;</strong></p>\n</td>\n<td width=\"55\">\n<p>1</p>\n</td>\n<td width=\"633\">\n<p><strong>C</strong>ongestive heart failure (or Left ventricular systolic dysfunction)</p>\n</td>\n</tr>\n<tr>\n<td width=\"30\">\n<p><strong>&nbsp;H</strong></p>\n</td>\n<td width=\"55\">\n<p>1</p>\n</td>\n<td width=\"633\">\n<p><strong>H</strong>ypertension: blood pressure consistently above 140/90 mmHg (or treated hypertension on medication)</p>\n</td>\n</tr>\n<tr>\n<td width=\"30\">\n<p><strong>&nbsp;A<sub>2</sub></strong></p>\n</td>\n<td width=\"55\">\n<p>2</p>\n</td>\n<td width=\"633\">\n<p><strong>A</strong>ge ≥75 years</p>\n</td>\n</tr>\n<tr>\n<td width=\"30\">\n<p><strong>&nbsp;D</strong></p>\n</td>\n<td width=\"55\">\n<p>1</p>\n</td>\n<td width=\"633\">\n<p><strong>D</strong>iabetes Mellitus</p>\n</td>\n</tr>\n<tr>\n<td width=\"30\">\n<p><strong>&nbsp;S<sub>2</sub></strong></p>\n</td>\n<td width=\"55\">\n<p>2</p>\n</td>\n<td width=\"633\">\n<p>Prior&nbsp;<strong>S</strong>troke&nbsp;or&nbsp;TIA&nbsp;or&nbsp;thromboembolism</p>\n</td>\n</tr>\n<tr>\n<td width=\"30\">\n<p><strong>&nbsp;V</strong></p>\n</td>\n<td width=\"55\">\n<p>1</p>\n</td>\n<td width=\"633\">\n<p><strong>V</strong>ascular disease (e.g. peripheral artery disease, myocardial infarction, aortic plaque)</p>\n</td>\n</tr>\n<tr>\n<td width=\"30\">\n<p><strong>&nbsp;A</strong></p>\n</td>\n<td width=\"55\">\n<p>1</p>\n</td>\n<td width=\"633\">\n<p><strong>A</strong>ge 65–74 years</p>\n</td>\n</tr>\n<tr>\n<td width=\"30\">\n<p><strong>&nbsp;Sc</strong></p>\n</td>\n<td width=\"55\">\n<p>1</p>\n</td>\n<td width=\"633\">\n<p><strong>S</strong>ex <strong>c</strong>ategory = female</p>\n</td>\n</tr>\n</tbody>\n</table>\n<br>Anticoagulation recommended above 1"
            ],
            "flags": 0,
            "guid": "eu3w:3,w~a",
            "note_model_uuid": "07188464-0b48-11e9-a9f4-a45d36c91f21",
            "tags": []
        },
        {
            "__type__": "Note",
            "data": "",
            "fields": [
                "Modified Duke's Criteria for Infective Endocarditis",
                "<div>Definite IE =<br></div><div><div><ul><li>≥1 pathological criteria</li><li>2 Major</li><li>1 Major + 3 Minor</li><li>5 Minor</li></ul>Possible IE =&nbsp;</div><div><ul><li>1 Major + 1 Minor</li><li>3 Minor<br></li></ul></div> <div><i>Simplified</i></div></div><div><i><br></i></div><div><b>Pathologic Criteria</b></div><div><div>Microorganisms in culture/vegetation/abscess specimen&nbsp;</div></div><div><br></div>Major Diagnostic Criteria<div><ul><li>Positive blood culture for typical Infective Endocarditis organisms from separate cultures (<i>strep viridans, strep bovis, HACEK, staph aureous without other primary site, enterococcus - covered in other flashcard</i>)&nbsp;</li></ul></div><div>2. Echocardiogram with</div><div><ul><li>Echogram shows</li><ul><li>intracardiac mass/vegetation</li><li>new partial dehiscence of prosthetic valve</li></ul><li>new valvular regurgitation</li></ul></div><div>Minor Diagnostic Criteria</div><div>1. Predisposing heart condition or intravenous drug use</div><div>2. Temp &gt; 38.0° C (100.4° F)</div><div>3. Vascular phenomena: emboli, infarct, hemorrhage, Janeway lesions</div><div>4. Immunologic phenomena: glomerulonephritis, Osler nodes, Roth spots, rheumatoid factor</div><div>5. Microbiological evidence: positive blood culture but does not meet a major criterion as noted above (excluding common contaminants)</div>"
            ],
            "flags": 0,
            "guid": "FS6E$g^lfd",
            "note_model_uuid": "07188464-0b48-11e9-a9f4-a45d36c91f21",
            "tags": [
                "Infectious_Disease"
            ]
        },
        {
            "__type__": "Note",
            "data": "",
            "fields": [
                "Abbreviated Light's Criteria",
                "<div>(2 or 3 tests combination)</div> <div> <div><b>1. Pleural fluid LDH</b> &gt;67% ULN serum</div> <div><b>2. Pleural fluid cholesterol </b>&gt;1.17mmol/L (45mg/dL)</div> <div><b>3. Pleural fluid protein</b>&nbsp;&gt;2.9mg/dL (29g/L) *3 tests combination</div></div>"
            ],
            "flags": 0,
            "guid": "GO2g);]rys",
            "note_model_uuid": "8bae70a8-18a6-11e9-ba03-c48e8ff9289e",
            "tags": [
                "Pleural_effusion",
                "Respirology"
            ]
        },
        {
            "__type__": "Note",
            "data": "",
            "fields": [
                "Diagnostic criteria of DM, IFG, IGT, and GDM",
                "<div><ul><li><u>DM </u>(American Diabetic Association 2018)<br></li><ol><li>Fasting plasma glucose <b>&gt;7.0mmol/L</b></li><li><b>Symptoms</b> of hyperglycemia + random plasma glucose <b>&gt;11.1mmol/L</b></li><li>2-h post <b>OGTT</b> plasma glucose <b>&gt;11.1</b> mmol/L (WHO 75g anhydrous glucose load)</li><li>HbA1c <b>≥6.5%</b><br></li></ol><li><u>Impaired fasting glucose</u>: Fasting plasma glucose 6.1 – 6.9<br></li><li><u>Impaired glucose tolerance</u>: 2hr glucose after OGTT 7.8 - 11.0<br></li><li><u>Gestational DM:</u> fasting glucose <b>5.1-6.9</b>, 2h post-glucose <b>8.5-11.0</b> (PWH 2014)<br></li></ul></div>       "
            ],
            "flags": 0,
            "guid": "r{KOX;]Yk;",
            "note_model_uuid": "8bae70a8-18a6-11e9-ba03-c48e8ff9289e",
            "tags": [
                "DM",
                "Endocrinology"
            ]
        },
        {
            "__type__": "Note",
            "data": "",
            "fields": [
                "Spirometry values",
                "<img src=\"paste-b9e66131043ebe14d9c626bb9c57cdd5a58116bd.jpg\">"
            ],
            "flags": 0,
            "guid": "FY@/G1Fy.N",
            "note_model_uuid": "8bae70a8-18a6-11e9-ba03-c48e8ff9289e",
            "tags": [
                "Respirology"
            ]
        },
        {
            "__type__": "Note",
            "data": "",
            "fields": [
                "d3cd7c5e0be8450194bb8d1b2ece4077-oa-1",
                "2010 Rheumatoid Arthritis Classification Criteria (大概啦)",
                "<img src=\"tmp2jv19f6w.png\" />",
                "<img src=\"d3cd7c5e0be8450194bb8d1b2ece4077-oa-1-Q.svg\" />",
                "",
                "",
                "",
                "",
                "",
                "<img src=\"d3cd7c5e0be8450194bb8d1b2ece4077-oa-1-A.svg\" />",
                "<img src=\"d3cd7c5e0be8450194bb8d1b2ece4077-oa-O.svg\" />"
            ],
            "flags": 0,
            "guid": "hfloU9~yuY",
            "note_model_uuid": "6de80f59-2532-11e9-b2c8-c48e8ff9289e",
            "tags": [
                "Rheumatology"
            ]
        }
    ]
}