{
    "__type__": "Deck",
    "children": [],
    "crowdanki_uuid": "8bae0e0c-18a6-11e9-b3c5-c48e8ff9289e",
    "deck_config_uuid": "8bae0e0d-18a6-11e9-be22-c48e8ff9289e",
    "deck_configurations": [
        {
            "__type__": "DeckConfig",
            "autoplay": false,
            "crowdanki_uuid": "8bae0e0d-18a6-11e9-be22-c48e8ff9289e",
            "dyn": false,
            "lapse": {
                "delays": [
                    15
                ],
                "leechAction": 1,
                "leechFails": 20,
                "minInt": 1,
                "mult": 0.0
            },
            "maxTaken": 90,
            "name": "Final MB 冲綫啦",
            "new": {
                "bury": false,
                "delays": [
                    1,
                    10
                ],
                "initialFactor": 2500,
                "ints": [
                    5,
                    10,
                    7
                ],
                "order": 0,
                "perDay": 30,
                "separate": true
            },
            "replayq": false,
            "rev": {
                "bury": false,
                "ease4": 1.3,
                "fuzz": 0.05,
                "hardFactor": 1.2,
                "ivlFct": 1.0,
                "maxIvl": 36500,
                "minSpace": 1,
                "perDay": 9999
            },
            "timer": 0
        }
    ],
    "desc": "",
    "dyn": 0,
    "extendNew": 10,
    "extendRev": 50,
    "media_files": [
        "paste-9d157533e03f41783df293548ff09e26d3088430.jpg",
        "tmph4zsmtsn.png",
        "paste-e8cc611416b90bfe6fc2488e71aa3d247864abe5.jpg",
        "paste-7a8d4cbaf6afd84df47477dbcf7f428b3e88d4de.jpg",
        "paste-b3ad1a6aaa61590162e117c4fbd2da122414439b.jpg",
        "6cf720458d5b46d99861304857558f45-oa-1-A.svg",
        "tmpjcm9sq6f.png",
        "paste-30c2ddedc74c864da1ff35fa1d5953021e517a91.jpg",
        "paste-138bbb9745fca39b0ebdbcbf0166cc85e0024aa2.jpg",
        "807e33b3dd134bfa896573313fa0d5bf-oa-O.svg",
        "paste-9a0cdb82314ab4b2ad86ea301632f703dc56c9bf.jpg",
        "paste-289107827957352425b1f987a20d024ae80c3287.jpg",
        "b75a9c8217914debaaac345f34c57f8b-oa-2-A.svg",
        "paste-3c23e035ebbaf2cb9c8de8f71bafba698076852d.jpg",
        "62f24c3599c648abbc3472c2efdd5482-oa-O.svg",
        "paste-6d6a9e7f76dd54305af3b46ace60100f05e22dee.jpg",
        "paste-178ea93b0417f508d69172a942ff8c6d72430c97.jpg",
        "6cf720458d5b46d99861304857558f45-oa-1-Q.svg",
        "6cf720458d5b46d99861304857558f45-oa-2-A.svg",
        "paste-7b890f0cdb0a96e3669266315811f94e6cffdde0.jpg",
        "b75a9c8217914debaaac345f34c57f8b-oa-1-A.svg",
        "tmpfoazz0hr.png",
        "acc9c2bcd4e347389b9a16998c4135b8-oa-2-Q.svg",
        "paste-09ad551c6f3bd25ac72d96d1f846a0f87f46c88b.jpg",
        "paste-6faf6bc131b8ebceaf74c4ea67bf0bc6d69ac28b.jpg",
        "6cf720458d5b46d99861304857558f45-oa-O.svg",
        "807e33b3dd134bfa896573313fa0d5bf-oa-1-A.svg",
        "acc9c2bcd4e347389b9a16998c4135b8-oa-3-Q.svg",
        "b75a9c8217914debaaac345f34c57f8b-oa-O.svg",
        "acc9c2bcd4e347389b9a16998c4135b8-oa-3-A.svg",
        "paste-fb9afeb251dbec139fb96fe810d55b6c87836725.jpg",
        "img_201812130949491844540911.png",
        "paste-7375961c6b0a800022cb38df5c8149e3fcb67df3.jpg",
        "62f24c3599c648abbc3472c2efdd5482-oa-2-A.svg",
        "807e33b3dd134bfa896573313fa0d5bf-oa-1-Q.svg",
        "paste-0a90f7a52997e96de69a1a0dd0c31208f6aeec9b.jpg",
        "b75a9c8217914debaaac345f34c57f8b-oa-1-Q.svg",
        "paste-f32af056b60eda22e51de72b3b72a0d8832ff547.jpg",
        "paste-7ac224d9082a0237f8e4d96e1bcb9ac0d0d88cd3.jpg",
        "paste-bc9a88351301a29d6eadc400c5cdd9ab9fa4d7f5.jpg",
        "62f24c3599c648abbc3472c2efdd5482-oa-1-A.svg",
        "paste-ea15b715b66e8826eab15aa9004ab91898271a52.jpg",
        "paste-0aa857128b016b152e70d7968e7ebab34df9616e.jpg",
        "paste-9e114ef05bf58b75ce50586109cb6915f77f8af7.jpg",
        "acc9c2bcd4e347389b9a16998c4135b8-oa-1-A.svg",
        "acc9c2bcd4e347389b9a16998c4135b8-oa-2-A.svg",
        "paste-afc34be00b004a98d0b9ffb49c4a11c2f61bf15b.jpg",
        "62f24c3599c648abbc3472c2efdd5482-oa-1-Q.svg",
        "acc9c2bcd4e347389b9a16998c4135b8-oa-1-Q.svg",
        "paste-bc682241effbbddcda6bc257e0a5986fc38c8d72.jpg",
        "tmp4tzn2h6f.png",
        "b75a9c8217914debaaac345f34c57f8b-oa-2-Q.svg",
        "paste-ca293bd2cdf4cee06eb73c8c6baeea490ade0d3a.jpg",
        "paste-0149174d3cc871bba5b3662497a3432807cb498e.jpg",
        "paste-9184836e46c194d85200f79ce96998b4a4b8b912.jpg",
        "tmp4k5h9wat.png",
        "paste-685807cecd5a7613e47632e6ddc71e70c17dbfd7.jpg",
        "paste-3bfd8009c621bfbcdf8a7e52bc6b2bf48b1d5bcf.jpg",
        "acc9c2bcd4e347389b9a16998c4135b8-oa-O.svg",
        "paste-77ec3ed331a2664ec5559c1f0f75972033ab6b16.jpg",
        "62f24c3599c648abbc3472c2efdd5482-oa-2-Q.svg",
        "paste-c99f20d1edecabc169afd28f362429d9291568a2.jpg",
        "6cf720458d5b46d99861304857558f45-oa-2-Q.svg",
        "paste-a6bc17ca749675bb641dbe59535cc58ca469aca8.jpg",
        "paste-466e78c6018523f10b52f682959136919ffec03f.jpg"
    ],
    "mid": "1446203818521",
    "name": "Surgery",
    "note_models": [
        {
            "__type__": "NoteModel",
            "crowdanki_uuid": "8bae70a8-18a6-11e9-ba03-c48e8ff9289e",
            "css": ".card {\n font-family: arial;\n font-size: 20px;\n text-align: left;\n color: black;\n background-color: white;\n}\n",
            "flds": [
                {
                    "font": "Arial",
                    "media": [],
                    "name": "Front",
                    "ord": 0,
                    "rtl": false,
                    "size": 20,
                    "sticky": false
                },
                {
                    "font": "Arial",
                    "media": [],
                    "name": "Back",
                    "ord": 1,
                    "rtl": false,
                    "size": 20,
                    "sticky": false
                }
            ],
            "latexPost": "\\end{document}",
            "latexPre": "\\documentclass[12pt]{article}\n\\special{papersize=3in,5in}\n\\usepackage[utf8]{inputenc}\n\\usepackage{amssymb,amsmath}\n\\pagestyle{empty}\n\\setlength{\\parindent}{0in}\n\\begin{document}\n",
            "name": "Basic",
            "req": [
                [
                    0,
                    "all",
                    [
                        0
                    ]
                ]
            ],
            "sortf": 0,
            "tags": [
                "UGI"
            ],
            "tmpls": [
                {
                    "afmt": "{{FrontSide}}\n\n<hr id=answer>\n\n{{Back}}",
                    "bafmt": "",
                    "bqfmt": "",
                    "did": null,
                    "name": "Card 1",
                    "ord": 0,
                    "qfmt": "{{Front}}"
                }
            ],
            "type": 0,
            "vers": []
        },
        {
            "__type__": "NoteModel",
            "crowdanki_uuid": "8baebe15-18a6-11e9-9d3f-c48e8ff9289e",
            "css": ".card {\n font-family: arial;\n font-size: 20px;\n text-align: left;\n color: black;\n background-color: white;\n}\n\n.cloze {\n font-weight: bold;\n color: blue;\n}",
            "flds": [
                {
                    "font": "Arial",
                    "media": [],
                    "name": "Text",
                    "ord": 0,
                    "rtl": false,
                    "size": 20,
                    "sticky": false
                },
                {
                    "font": "Arial",
                    "media": [],
                    "name": "Extra",
                    "ord": 1,
                    "rtl": false,
                    "size": 20,
                    "sticky": false
                }
            ],
            "latexPost": "\\end{document}",
            "latexPre": "\\documentclass[12pt]{article}\n\\special{papersize=3in,5in}\n\\usepackage[utf8]{inputenc}\n\\usepackage{amssymb,amsmath}\n\\pagestyle{empty}\n\\setlength{\\parindent}{0in}\n\\begin{document}\n",
            "name": "Cloze",
            "sortf": 0,
            "tags": [
                "SSCE"
            ],
            "tmpls": [
                {
                    "afmt": "{{cloze:Text}}<br>\n{{Extra}}",
                    "bafmt": "",
                    "bqfmt": "",
                    "did": null,
                    "name": "Cloze",
                    "ord": 0,
                    "qfmt": "{{cloze:Text}}\n\n"
                }
            ],
            "type": 1,
            "vers": []
        },
        {
            "__type__": "NoteModel",
            "crowdanki_uuid": "6de80f59-2532-11e9-b2c8-c48e8ff9289e",
            "css": "/* GENERAL CARD STYLE */\n.card {\n  font-family: \"Helvetica LT Std\", Helvetica, Arial, Sans;\n  font-size: 150%;\n  text-align: center;\n  color: black;\n  background-color: white;\n}\n\n/* OCCLUSION CSS START - don't edit this */\n#io-overlay {\n  position:absolute;\n  top:0;\n  width:100%;\n  z-index:3\n}\n\n#io-original {\n  position:relative;\n  top:0;\n  width:100%;\n  z-index:2;\n  visibility: hidden;\n}\n\n#io-wrapper {\n  position:relative;\n  width: 100%;\n}\n/* OCCLUSION CSS END */\n\n/* OTHER STYLES */\n#io-header{\n  font-size: 1.1em;\n  margin-bottom: 0.2em;\n}\n\n#io-footer{\n  max-width: 80%;\n  margin-left: auto;\n  margin-right: auto;\n  margin-top: 0.8em;\n  font-style: italic;\n}\n\n#io-extra-wrapper{\n  /* the wrapper is needed to center the\n  left-aligned blocks below it */\n  width: 80%;\n  margin-left: auto;\n  margin-right: auto;\n  margin-top: 0.5em;\n}\n\n#io-extra{\n  text-align:center;\n  display: inline-block;\n}\n\n.io-extra-entry{\n  margin-top: 0.8em;\n  font-size: 0.9em;\n  text-align:left;\n}\n\n.io-field-descr{\n  margin-bottom: 0.2em;\n  font-weight: bold;\n  font-size: 1em;\n}\n\n#io-revl-btn {\n  font-size: 0.5em;\n}\n\n/* ADJUSTMENTS FOR MOBILE DEVICES */\n\n.mobile .card, .mobile #content {\n  font-size: 120%;\n  margin: 0;\n}\n\n.mobile #io-extra-wrapper {\n  width: 95%;\n}\n\n.mobile #io-revl-btn {\n  font-size: 0.8em;\n}\n",
            "flds": [
                {
                    "font": "Arial",
                    "media": [],
                    "name": "ID (hidden)",
                    "ord": 0,
                    "rtl": false,
                    "size": 20,
                    "sticky": false
                },
                {
                    "font": "Arial",
                    "media": [],
                    "name": "Header",
                    "ord": 1,
                    "rtl": false,
                    "size": 20,
                    "sticky": false
                },
                {
                    "font": "Arial",
                    "media": [],
                    "name": "Image",
                    "ord": 2,
                    "rtl": false,
                    "size": 20,
                    "sticky": false
                },
                {
                    "font": "Arial",
                    "media": [],
                    "name": "Question Mask",
                    "ord": 3,
                    "rtl": false,
                    "size": 20,
                    "sticky": false
                },
                {
                    "font": "Arial",
                    "media": [],
                    "name": "Footer",
                    "ord": 4,
                    "rtl": false,
                    "size": 20,
                    "sticky": false
                },
                {
                    "font": "Arial",
                    "media": [],
                    "name": "Remarks",
                    "ord": 5,
                    "rtl": false,
                    "size": 20,
                    "sticky": false
                },
                {
                    "font": "Arial",
                    "media": [],
                    "name": "Sources",
                    "ord": 6,
                    "rtl": false,
                    "size": 20,
                    "sticky": false
                },
                {
                    "font": "Arial",
                    "media": [],
                    "name": "Extra 1",
                    "ord": 7,
                    "rtl": false,
                    "size": 20,
                    "sticky": false
                },
                {
                    "font": "Arial",
                    "media": [],
                    "name": "Extra 2",
                    "ord": 8,
                    "rtl": false,
                    "size": 20,
                    "sticky": false
                },
                {
                    "font": "Arial",
                    "media": [],
                    "name": "Answer Mask",
                    "ord": 9,
                    "rtl": false,
                    "size": 20,
                    "sticky": false
                },
                {
                    "font": "Arial",
                    "media": [],
                    "name": "Original Mask",
                    "ord": 10,
                    "rtl": false,
                    "size": 20,
                    "sticky": false
                }
            ],
            "latexPost": "\\end{document}",
            "latexPre": "\\documentclass[12pt]{article}\n\\special{papersize=3in,5in}\n\\usepackage[utf8]{inputenc}\n\\usepackage{amssymb,amsmath}\n\\pagestyle{empty}\n\\setlength{\\parindent}{0in}\n\\begin{document}\n",
            "name": "Image Occlusion Enhanced",
            "req": [
                [
                    0,
                    "all",
                    [
                        2
                    ]
                ]
            ],
            "sortf": 1,
            "tags": [],
            "tmpls": [
                {
                    "afmt": "{{#Image}}\n<div id=\"io-header\">{{Header}}</div>\n<div id=\"io-wrapper\">\n  <div id=\"io-overlay\">{{Answer Mask}}</div>\n  <div id=\"io-original\">{{Image}}</div>\n</div>\n{{#Footer}}<div id=\"io-footer\">{{Footer}}</div>{{/Footer}}\n<button id=\"io-revl-btn\" onclick=\"toggle();\">Toggle Masks</button>\n<div id=\"io-extra-wrapper\">\n  <div id=\"io-extra\">\n    {{#Remarks}}\n      <div class=\"io-extra-entry\">\n        <div class=\"io-field-descr\">Remarks</div>{{Remarks}}\n      </div>\n    {{/Remarks}}\n    {{#Sources}}\n      <div class=\"io-extra-entry\">\n        <div class=\"io-field-descr\">Sources</div>{{Sources}}\n      </div>\n    {{/Sources}}\n    {{#Extra 1}}\n      <div class=\"io-extra-entry\">\n        <div class=\"io-field-descr\">Extra 1</div>{{Extra 1}}\n      </div>\n    {{/Extra 1}}\n    {{#Extra 2}}\n      <div class=\"io-extra-entry\">\n        <div class=\"io-field-descr\">Extra 2</div>{{Extra 2}}\n      </div>\n    {{/Extra 2}}\n  </div>\n</div>\n\n<script>\n// Toggle answer mask on clicking the image\nvar toggle = function() {\n  var amask = document.getElementById('io-overlay');\n  if (amask.style.display === 'block' || amask.style.display === '')\n    amask.style.display = 'none';\n  else\n    amask.style.display = 'block'\n}\n\n// Prevent original image from loading before mask\naFade = 50, qFade = 0;\nvar mask = document.querySelector('#io-overlay>img');\nfunction loaded() {\n    var original = document.querySelector('#io-original');\n    original.style.visibility = \"visible\";\n}\nif (mask === null || mask.complete) {\n    loaded();\n} else {\n    mask.addEventListener('load', loaded);\n}\n</script>\n{{/Image}}\n",
                    "bafmt": "",
                    "bqfmt": "",
                    "did": null,
                    "name": "IO Card",
                    "ord": 0,
                    "qfmt": "{{#Image}}\n<div id=\"io-header\">{{Header}}</div>\n<div id=\"io-wrapper\">\n  <div id=\"io-overlay\">{{Question Mask}}</div>\n  <div id=\"io-original\">{{Image}}</div>\n</div>\n<div id=\"io-footer\">{{Footer}}</div>\n\n<script>\n// Prevent original image from loading before mask\naFade = 50, qFade = 0;\nvar mask = document.querySelector('#io-overlay>img');\nfunction loaded() {\n    var original = document.querySelector('#io-original');\n    original.style.visibility = \"visible\";\n}\nif (mask === null || mask.complete) {\n    loaded();\n} else {\n    mask.addEventListener('load', loaded);\n}\n</script>\n{{/Image}}\n"
                }
            ],
            "type": 0,
            "vers": []
        },
        {
            "__type__": "NoteModel",
            "crowdanki_uuid": "0ea63c42-18aa-11e9-8474-c48e8ff9289e",
            "css": ".card {\n font-family: arial;\n font-size: 20px;\n text-align: left;\n color: black;\n background-color: white;\n}\n",
            "flds": [
                {
                    "font": "Arial",
                    "media": [],
                    "name": "A",
                    "ord": 0,
                    "rtl": false,
                    "size": 20,
                    "sticky": false
                },
                {
                    "font": "Arial",
                    "media": [],
                    "name": "Q1",
                    "ord": 1,
                    "rtl": false,
                    "size": 20,
                    "sticky": false
                },
                {
                    "font": "Arial",
                    "media": [],
                    "name": "Q2",
                    "ord": 2,
                    "rtl": false,
                    "size": 20,
                    "sticky": false
                },
                {
                    "font": "Arial",
                    "media": [],
                    "name": "Q3",
                    "ord": 3,
                    "rtl": false,
                    "size": 20,
                    "sticky": false
                },
                {
                    "font": "Arial",
                    "media": [],
                    "name": "Q4",
                    "ord": 4,
                    "rtl": false,
                    "size": 20,
                    "sticky": false
                },
                {
                    "font": "Arial",
                    "media": [],
                    "name": "Q5",
                    "ord": 5,
                    "rtl": false,
                    "size": 20,
                    "sticky": false
                },
                {
                    "font": "Arial",
                    "media": [],
                    "name": "Q6",
                    "ord": 6,
                    "rtl": false,
                    "size": 20,
                    "sticky": false
                },
                {
                    "font": "Arial",
                    "media": [],
                    "name": "Q7",
                    "ord": 7,
                    "rtl": false,
                    "size": 20,
                    "sticky": false
                },
                {
                    "font": "Arial",
                    "media": [],
                    "name": "Q8",
                    "ord": 8,
                    "rtl": false,
                    "size": 20,
                    "sticky": false
                },
                {
                    "font": "Arial",
                    "media": [],
                    "name": "Q9",
                    "ord": 9,
                    "rtl": false,
                    "size": 20,
                    "sticky": false
                },
                {
                    "font": "Arial",
                    "media": [],
                    "name": "Q10",
                    "ord": 10,
                    "rtl": false,
                    "size": 20,
                    "sticky": false
                },
                {
                    "font": "Arial",
                    "media": [],
                    "name": "Q11",
                    "ord": 11,
                    "rtl": false,
                    "size": 20,
                    "sticky": false
                },
                {
                    "font": "Arial",
                    "media": [],
                    "name": "Q12",
                    "ord": 12,
                    "rtl": false,
                    "size": 20,
                    "sticky": false
                },
                {
                    "font": "Arial",
                    "media": [],
                    "name": "Q13",
                    "ord": 13,
                    "rtl": false,
                    "size": 20,
                    "sticky": false
                },
                {
                    "font": "Arial",
                    "media": [],
                    "name": "Q14",
                    "ord": 14,
                    "rtl": false,
                    "size": 20,
                    "sticky": false
                },
                {
                    "font": "Arial",
                    "media": [],
                    "name": "Q15",
                    "ord": 15,
                    "rtl": false,
                    "size": 20,
                    "sticky": false
                }
            ],
            "latexPost": "\\end{document}",
            "latexPre": "\\documentclass[12pt]{article}\n\\special{papersize=3in,5in}\n\\usepackage[utf8]{inputenc}\n\\usepackage{amssymb,amsmath}\n\\pagestyle{empty}\n\\setlength{\\parindent}{0in}\n\\begin{document}\n",
            "name": "10 questions",
            "req": [
                [
                    0,
                    "all",
                    [
                        1
                    ]
                ],
                [
                    1,
                    "all",
                    [
                        2
                    ]
                ],
                [
                    2,
                    "all",
                    [
                        3
                    ]
                ],
                [
                    3,
                    "all",
                    [
                        4
                    ]
                ],
                [
                    4,
                    "all",
                    [
                        5
                    ]
                ],
                [
                    5,
                    "all",
                    [
                        6
                    ]
                ],
                [
                    6,
                    "all",
                    [
                        7
                    ]
                ],
                [
                    7,
                    "all",
                    [
                        8
                    ]
                ],
                [
                    8,
                    "all",
                    [
                        9
                    ]
                ],
                [
                    9,
                    "all",
                    [
                        10
                    ]
                ],
                [
                    10,
                    "all",
                    [
                        11
                    ]
                ],
                [
                    11,
                    "all",
                    [
                        12
                    ]
                ],
                [
                    12,
                    "all",
                    [
                        13
                    ]
                ],
                [
                    13,
                    "all",
                    [
                        14
                    ]
                ],
                [
                    14,
                    "all",
                    [
                        15
                    ]
                ]
            ],
            "sortf": 0,
            "tags": [
                "HBP"
            ],
            "tmpls": [
                {
                    "afmt": "{{FrontSide}}\n\n<hr id=answer>\n\n{{A}}",
                    "bafmt": "",
                    "bqfmt": "",
                    "did": null,
                    "name": "Card 1",
                    "ord": 0,
                    "qfmt": "{{Q1}}"
                },
                {
                    "afmt": "{{FrontSide}}\n\n<hr id=answer>\n\n{{A}}",
                    "bafmt": "",
                    "bqfmt": "",
                    "did": null,
                    "name": "Card 2",
                    "ord": 1,
                    "qfmt": "{{Q2}}"
                },
                {
                    "afmt": "{{FrontSide}}\n\n<hr id=answer>\n\n{{A}}",
                    "bafmt": "",
                    "bqfmt": "",
                    "did": null,
                    "name": "Card 3",
                    "ord": 2,
                    "qfmt": "{{Q3}}"
                },
                {
                    "afmt": "{{FrontSide}}\n\n<hr id=answer>\n\n{{A}}",
                    "bafmt": "",
                    "bqfmt": "",
                    "did": null,
                    "name": "Card 4",
                    "ord": 3,
                    "qfmt": "{{Q4}}"
                },
                {
                    "afmt": "{{FrontSide}}\n\n<hr id=answer>\n\n{{A}}",
                    "bafmt": "",
                    "bqfmt": "",
                    "did": null,
                    "name": "Card 5",
                    "ord": 4,
                    "qfmt": "{{Q5}}"
                },
                {
                    "afmt": "{{FrontSide}}\n\n<hr id=answer>\n\n{{A}}",
                    "bafmt": "",
                    "bqfmt": "",
                    "did": null,
                    "name": "Card 6",
                    "ord": 5,
                    "qfmt": "{{Q6}}"
                },
                {
                    "afmt": "{{FrontSide}}\n\n<hr id=answer>\n\n{{A}}",
                    "bafmt": "",
                    "bqfmt": "",
                    "did": null,
                    "name": "Card 7",
                    "ord": 6,
                    "qfmt": "{{Q7}}"
                },
                {
                    "afmt": "{{FrontSide}}\n\n<hr id=answer>\n\n{{A}}",
                    "bafmt": "",
                    "bqfmt": "",
                    "did": null,
                    "name": "Card 8",
                    "ord": 7,
                    "qfmt": "{{Q8}}"
                },
                {
                    "afmt": "{{FrontSide}}\n\n<hr id=answer>\n\n{{A}}",
                    "bafmt": "",
                    "bqfmt": "",
                    "did": null,
                    "name": "Card 9",
                    "ord": 8,
                    "qfmt": "{{Q9}}"
                },
                {
                    "afmt": "{{FrontSide}}\n\n<hr id=answer>\n\n{{A}}",
                    "bafmt": "",
                    "bqfmt": "",
                    "did": null,
                    "name": "Card 10",
                    "ord": 9,
                    "qfmt": "{{Q10}}"
                },
                {
                    "afmt": "{{FrontSide}}\n\n<hr id=answer>\n\n{{A}}",
                    "bafmt": "",
                    "bqfmt": "",
                    "did": null,
                    "name": "Card 11",
                    "ord": 10,
                    "qfmt": "{{Q11}}"
                },
                {
                    "afmt": "{{FrontSide}}\n\n<hr id=answer>\n\n{{A}}",
                    "bafmt": "",
                    "bqfmt": "",
                    "did": null,
                    "name": "Card 12",
                    "ord": 11,
                    "qfmt": "{{Q12}}"
                },
                {
                    "afmt": "{{FrontSide}}\n\n<hr id=answer>\n\n{{A}}",
                    "bafmt": "",
                    "bqfmt": "",
                    "did": null,
                    "name": "Card 13",
                    "ord": 12,
                    "qfmt": "{{Q13}}"
                },
                {
                    "afmt": "{{FrontSide}}\n\n<hr id=answer>\n\n{{A}}",
                    "bafmt": "",
                    "bqfmt": "",
                    "did": null,
                    "name": "Card 14",
                    "ord": 13,
                    "qfmt": "{{Q14}}"
                },
                {
                    "afmt": "{{FrontSide}}\n\n<hr id=answer>\n\n{{A}}",
                    "bafmt": "",
                    "bqfmt": "",
                    "did": null,
                    "name": "Card 15",
                    "ord": 14,
                    "qfmt": "{{Q15}}"
                }
            ],
            "type": 0,
            "vers": []
        }
    ],
    "notes": [
        {
            "__type__": "Note",
            "data": "",
            "fields": [
                "Fluid replacement for burns patients",
                "<div><b>Parkland Formula</b> for fluid requirement:&nbsp;</div><div><div></div><div></div><img src=\"paste-bc9a88351301a29d6eadc400c5cdd9ab9fa4d7f5.jpg\"><br></div><div><br></div> <div> </div> <div>Choose 2/3/4 ml per kg depending on severity (more for inhalation, electrical, crush), age (overload!), total weight of patient etc.&nbsp;</div><div><b>Preferred fluid: Hartmann’s</b></div><div><b>Rate:&nbsp;</b>First half in first 8h, second half in next 16h</div><div>U/O Target:&nbsp;</div><div> <div>o&nbsp;&nbsp; Adults: 0.5ml/kg/h (~30-50 ml/h)</div> <div>o&nbsp;&nbsp; Children: 1.0 ml/kg/h</div><div><div> </div></div></div>"
            ],
            "flags": 0,
            "guid": "j(82Em4_Lo",
            "note_model_uuid": "8bae70a8-18a6-11e9-ba03-c48e8ff9289e",
            "tags": [
                "Formulas",
                "PRAS"
            ]
        },
        {
            "__type__": "Note",
            "data": "",
            "fields": [
                "Clues to suspect inhalational injury",
                "<img src=\"paste-09ad551c6f3bd25ac72d96d1f846a0f87f46c88b.jpg\">"
            ],
            "flags": 0,
            "guid": "bw17[j+nt0",
            "note_model_uuid": "8bae70a8-18a6-11e9-ba03-c48e8ff9289e",
            "tags": [
                "PRAS"
            ]
        },
        {
            "__type__": "Note",
            "data": "",
            "fields": [
                "Causes of acute pancreatitis",
                "<img src='img_201812130949491844540911.png'/>"
            ],
            "flags": 0,
            "guid": "8YWM1",
            "note_model_uuid": "8bae70a8-18a6-11e9-ba03-c48e8ff9289e",
            "tags": [
                "Abdominal",
                "DDx",
                "HBP"
            ]
        },
        {
            "__type__": "Note",
            "data": "",
            "fields": [
                "BEE equation includes",
                "sex<br>age<br>weight<br>height"
            ],
            "flags": 0,
            "guid": "^/5*U",
            "note_model_uuid": "8bae70a8-18a6-11e9-ba03-c48e8ff9289e",
            "tags": [
                "nutrition"
            ]
        },
        {
            "__type__": "Note",
            "data": "",
            "fields": [
                "Total Energy Expenditure",
                "= BEE * Activity factor + Stress factor"
            ],
            "flags": 0,
            "guid": "7ima4",
            "note_model_uuid": "8bae70a8-18a6-11e9-ba03-c48e8ff9289e",
            "tags": [
                "nutrition"
            ]
        },
        {
            "__type__": "Note",
            "data": "",
            "fields": [
                "fluid replacement formula (sur)",
                "first 10 kg: 1000ml<br>second 10 kg: 500ml<br>subsequent 10 kgs: 200ml"
            ],
            "flags": 0,
            "guid": "K3YqA",
            "note_model_uuid": "8bae70a8-18a6-11e9-ba03-c48e8ff9289e",
            "tags": [
                "fluids"
            ]
        },
        {
            "__type__": "Note",
            "data": "",
            "fields": [
                "<div>Lipoma presentation</div><div><div>There is a {{c1::hemispherical or lobulated::shape}} mass at (site). The overlying skin has {{c1::any scar suggesting recurrence}}.&nbsp;</div><div>\"Is this painful if I touch it?\" → \"I will proceed to palpation.\"&nbsp;</div><div>The temperature is {{c1::the same}} compared to surrounding skin. The surface is {{c1::smooth / lobulated}}. The consistency is {{c1::soft to firm}}, +/- fluctuance. Its border is {{c1::well defined}}. The size is ... It is {{c1::not attached}} to overlying skin.&nbsp;</div><div>\"Please do this movement\". It is {{c1::possibly attached}} to underlying muscle.</div><div>The {{c1:: slip sign::special test}} is positive.&nbsp;</div> <div>To complete my examination, I would like to turn off the room lights and use the pen torch to test for any transillumination.&nbsp;</div></div><div>I would like to examine for {{c1::other similar lumps::any additional examination}}, and ask {{c1::how this lump affects the patient::Hx}}. My top differential diagnosis is a lipoma.</div><div>Management options include conservative management with {{c1::observation}}, and surgical management by {{c1::excision}} or {{c1::suction lipolysis}}.&nbsp;</div>",
                ""
            ],
            "flags": 0,
            "guid": "tmBh=(J|n!",
            "note_model_uuid": "8baebe15-18a6-11e9-9d3f-c48e8ff9289e",
            "tags": [
                "L&B",
                "SSCE"
            ]
        },
        {
            "__type__": "Note",
            "data": "",
            "fields": [
                "<div>Sebaceous cyst presentation</div><div>There is a {{c1::hemispherical::shape}} mass at {{c1::(hairy area)::site}}. The overlying skin has {{c1::a punctum}}. </div> <div>\"Is this painful if I touch it?\" → \"I will proceed to palpation.\" </div> <div>The temperature is {{c1::the same}} compared to surrounding skin. The surface is {{c1::smooth}}. The consistency is {{c1::soft to firm}}, with/without fluctuance. Its border is {{c1::well defined}}. The size ...&nbsp;</div><div>It is {{c1::ATTACHED}} to overlying skin.&nbsp;</div><div>\"Please do this movement\". It is {{c1::not attached}} to underlying muscle.</div> <div>To complete my examination, I would like to turn off the room lights and use the pen torch for any transillumination.&nbsp;</div><div>My provisional diagnosis is a sebaceous cyst.&nbsp;</div><div>I would like to examine for {{c1::other similar lumps}}.&nbsp;</div><div>Management options include {{c1::surgical excision}}.&nbsp;</div>",
                ""
            ],
            "flags": 0,
            "guid": "d^4hWEY);g",
            "note_model_uuid": "8baebe15-18a6-11e9-9d3f-c48e8ff9289e",
            "tags": [
                "L&B",
                "SSCE"
            ]
        },
        {
            "__type__": "Note",
            "data": "",
            "fields": [
                "Presentation of Ganglion<div><div>There is a {{c1::hemispherical::shape}} mass at {{c1::the wrist / dorsum of hand / other synovial structure::location}}. The overlying skin has {{c1::a scar suggesting recurrence}}. </div> <div>\"Is this painful if I touch it?\" → \"I will proceed to palpation.\" </div> <div>The temperature is {{c1::normal}} compared to surrounding skin. The surface is {{c1::smooth but possibly multiloculated}}. The consistency is {{c1::soft to firm, and fluctuant}}. Its border is {{c1::well defined::border}}. The size is {{c1::__}}. It is {{c1::not attached}} to overlying skin.&nbsp;</div><div>\"Please do this movement\". It is {{c1::not attached to underlying muscle::attachment}}. </div> <div>To complete my examination, I would like to:&nbsp;<br></div> <div>Turn off the room lights and use the pen torch for any transillumination. Should it be weakly transilluminable, my provisional diagnosis is a ganglion cyst.&nbsp;</div><div>Management options include conservative Mx by {{c1::watching and waiting}} or surgical management: {{c1::aspiration and immobilization}} or {{c1::complete excision}}. Complications would be {{c1::damage to adjacent neurovascular structures, wound Cx, and recurrence}}.&nbsp;</div></div>",
                ""
            ],
            "flags": 0,
            "guid": "uo]&w7MBBw",
            "note_model_uuid": "8baebe15-18a6-11e9-9d3f-c48e8ff9289e",
            "tags": [
                "L&B",
                "SSCE"
            ]
        },
        {
            "__type__": "Note",
            "data": "",
            "fields": [
                "<div>SCC presentation</div><div>There is a {{c1::fleshy, fungating::shape}} lesion at {{c1::sun-exposed site::location}}. The lesion has {{c1::a heaped, raised everted edge::edge}} with ulceration that has {{c1::dried blood/discharge at the base::ulcer base}}. The color is {{c1::pink}}. The surrounding skin has {{c1::become thickened and edematous::any skin change}}. </div> <div>\"Is this painful if I touch it?\" → \"I will proceed to palpation.\" </div><div>The lesion is nontender.&nbsp;</div> <div>The lesion is {{c1::not attached to underlying muscle::attachment}}.</div> <div>I would like to examine for other similar lesions, and examine the regional lymph nodes. </div> <div>My provisional diagnosis is a squamous cell carcinoma of the skin.&nbsp;</div> <div>Management includes a biopsy of the lesion by incisional or excisional biopsy. Other workup should include pre-op workup. Treatment options are surgical excision {{c1:: with &gt;5mm margins with LN dissection for clinically apparent LN}}.&nbsp;</div>",
                ""
            ],
            "flags": 0,
            "guid": "BrntJ!XqPk",
            "note_model_uuid": "8baebe15-18a6-11e9-9d3f-c48e8ff9289e",
            "tags": [
                "L&B",
                "PRAS",
                "SSCE"
            ]
        },
        {
            "__type__": "Note",
            "data": "",
            "fields": [
                "<div>Presentation of BCC</div><div>There is a lesion at {{c1::the face::location}}. The lesion has {{c1::a RAISED ROLLED PEARLY EDGE::border}} with central ulceration that has {{c1::a shallow, sloughy ulcer base::base}}. The color is {{c1::pigmented, with telangectasia::color}}. The surrounding skin has {{c1::no skin changes::any skin change}}.<br></div> <div>\"Is this painful if I touch it?\" → \"I will proceed to palpation.\" </div> <div>The lesion is {{c1::not attached &nbsp;to underlying muscle::attachment}}.</div> <div>I would like to examine for other similar lesions, and examine the regional lymph nodes. </div> <div>My provisional diagnosis is a basal cell carcinoma of the skin. An important differential diagnosis is {{c1::malignant melanoma}}.&nbsp;</div> <div>Management includes a biopsy of the lesion by incisional or excisional biopsy. Other workup should include pre-op workup. Treatment options are {{c1::surgical excision w/ 2-3mm margin}}.&nbsp;</div>",
                ""
            ],
            "flags": 0,
            "guid": "dr)|:4&r-o",
            "note_model_uuid": "8baebe15-18a6-11e9-9d3f-c48e8ff9289e",
            "tags": [
                "L&B",
                "PRAS",
                "SSCE"
            ]
        },
        {
            "__type__": "Note",
            "data": "",
            "fields": [
                "Malignant Melanoma presentation<div><div>There is a {{c1::asymmetrical::shape}} lesion at {{c1::limbs::location}}. The lesion has {{c1::irregular border::border}} with/without ulceration that has {{c1::bleeding::ulcer characteristics}}. The color is {{c1::varied within the lesion}}. The surrounding skin has {{c1::erythema / brown skin change / satellite nodules::any skin changes}}. </div> <div>\"Is this painful if I touch it?\" → \"I will proceed to palpation.\" </div> <div>The lesion is {{c1::not attached&nbsp;to underlying muscle::attachment}}.</div> <div>I would like to examine for other similar lesions, and examine the regional lymph nodes. </div> <div>My provisional diagnosis is a malignant melanoma</div> <div>Management includes a biopsy of the lesion by {{c1::excisional biopsy for Breslow's Thickness::biopsy method}}. Other workup should include pre-op workup and {{c1::workup for metastasis, including CXR and staging CT}}. Treatment options after the biopsy would be {{c1::secondary surgical excision with margins according to the depth of invasion, and SLNB}}.&nbsp;</div></div>",
                ""
            ],
            "flags": 0,
            "guid": "nol33GX4@&",
            "note_model_uuid": "8baebe15-18a6-11e9-9d3f-c48e8ff9289e",
            "tags": [
                "L&B",
                "PRAS",
                "SSCE"
            ]
        },
        {
            "__type__": "Note",
            "data": "",
            "fields": [
                "most common type of melanoma in HK",
                "<div>Acral Lentiginous Melanoma</div>"
            ],
            "flags": 0,
            "guid": "F&%g#T_nau",
            "note_model_uuid": "8bae70a8-18a6-11e9-ba03-c48e8ff9289e",
            "tags": [
                "L&B",
                "PRAS",
                "SSCE"
            ]
        },
        {
            "__type__": "Note",
            "data": "",
            "fields": [
                "SCC premalignant lesions",
                "<div>actinic keratosis, Bowen's disease</div>"
            ],
            "flags": 0,
            "guid": "F|SRYXB:nk",
            "note_model_uuid": "8bae70a8-18a6-11e9-ba03-c48e8ff9289e",
            "tags": [
                "L&B",
                "PRAS",
                "SSCE"
            ]
        },
        {
            "__type__": "Note",
            "data": "",
            "fields": [
                "Ix approach for sole hepatomegaly",
                "<img src=\"paste-f32af056b60eda22e51de72b3b72a0d8832ff547.jpg\">"
            ],
            "flags": 0,
            "guid": "b}i808;_gc",
            "note_model_uuid": "8bae70a8-18a6-11e9-ba03-c48e8ff9289e",
            "tags": [
                "HBP",
                "SSCE"
            ]
        },
        {
            "__type__": "Note",
            "data": "",
            "fields": [
                "Liver lesions: Triphasic CT features of Hemangioma, Adenoma, HCC, Metastases, Abscess",
                "<img src=\"paste-c99f20d1edecabc169afd28f362429d9291568a2.jpg\">"
            ],
            "flags": 0,
            "guid": "wr.~|]nGq9",
            "note_model_uuid": "8bae70a8-18a6-11e9-ba03-c48e8ff9289e",
            "tags": [
                "HBP",
                "SSCE"
            ]
        },
        {
            "__type__": "Note",
            "data": "",
            "fields": [
                "Treatment options for HCC",
                "<img src=\"paste-afc34be00b004a98d0b9ffb49c4a11c2f61bf15b.jpg\">"
            ],
            "flags": 0,
            "guid": "p9nXB{HVe[",
            "note_model_uuid": "8bae70a8-18a6-11e9-ba03-c48e8ff9289e",
            "tags": [
                "HBP",
                "Oncology",
                "SSCE"
            ]
        },
        {
            "__type__": "Note",
            "data": "",
            "fields": [
                "Investigations for acute cholangitis",
                "<img src=\"paste-0aa857128b016b152e70d7968e7ebab34df9616e.jpg\">"
            ],
            "flags": 0,
            "guid": "A[$[Q,v5&E",
            "note_model_uuid": "8bae70a8-18a6-11e9-ba03-c48e8ff9289e",
            "tags": [
                "HBP",
                "Infectious_Disease"
            ]
        },
        {
            "__type__": "Note",
            "data": "",
            "fields": [
                "Charcot's Triad and Reynold's Pentad",
                "<img src=\"paste-178ea93b0417f508d69172a942ff8c6d72430c97.jpg\">"
            ],
            "flags": 0,
            "guid": "Gxy}GvBBfm",
            "note_model_uuid": "8bae70a8-18a6-11e9-ba03-c48e8ff9289e",
            "tags": [
                "HBP"
            ]
        },
        {
            "__type__": "Note",
            "data": "",
            "fields": [
                "Initial management of acute cholangitis",
                "<img src=\"paste-289107827957352425b1f987a20d024ae80c3287.jpg\">"
            ],
            "flags": 0,
            "guid": "kDJR/)|C77",
            "note_model_uuid": "8bae70a8-18a6-11e9-ba03-c48e8ff9289e",
            "tags": [
                "HBP"
            ]
        },
        {
            "__type__": "Note",
            "data": "",
            "fields": [
                "Stoma complications",
                "<img src=\"paste-138bbb9745fca39b0ebdbcbf0166cc85e0024aa2.jpg\">"
            ],
            "flags": 0,
            "guid": "eAq|c5V@lE",
            "note_model_uuid": "8bae70a8-18a6-11e9-ba03-c48e8ff9289e",
            "tags": [
                "LGI",
                "SSCE"
            ]
        },
        {
            "__type__": "Note",
            "data": "",
            "fields": [
                "6cf720458d5b46d99861304857558f45-oa-1",
                "Ileostomy vs Colostomy",
                "<img src=\"tmph4zsmtsn.png\" />",
                "<img src=\"6cf720458d5b46d99861304857558f45-oa-1-Q.svg\" />",
                "",
                "",
                "",
                "",
                "",
                "<img src=\"6cf720458d5b46d99861304857558f45-oa-1-A.svg\" />",
                "<img src=\"6cf720458d5b46d99861304857558f45-oa-O.svg\" />"
            ],
            "flags": 0,
            "guid": "fkcKh(-F-^",
            "note_model_uuid": "6de80f59-2532-11e9-b2c8-c48e8ff9289e",
            "tags": [
                "LGI",
                "SSCE"
            ]
        },
        {
            "__type__": "Note",
            "data": "",
            "fields": [
                "6cf720458d5b46d99861304857558f45-oa-2",
                "Ileostomy vs Colostomy",
                "<img src=\"tmph4zsmtsn.png\" />",
                "<img src=\"6cf720458d5b46d99861304857558f45-oa-2-Q.svg\" />",
                "",
                "",
                "",
                "",
                "",
                "<img src=\"6cf720458d5b46d99861304857558f45-oa-2-A.svg\" />",
                "<img src=\"6cf720458d5b46d99861304857558f45-oa-O.svg\" />"
            ],
            "flags": 0,
            "guid": "n>r:O5%_l,",
            "note_model_uuid": "6de80f59-2532-11e9-b2c8-c48e8ff9289e",
            "tags": [
                "LGI",
                "SSCE"
            ]
        },
        {
            "__type__": "Note",
            "data": "",
            "fields": [
                "What is the tear drop sign",
                "New bone formation = thickening of medial wall of acetabulum rather than osteophytes"
            ],
            "flags": 0,
            "guid": "M#~dxn;3S5",
            "note_model_uuid": "8bae70a8-18a6-11e9-ba03-c48e8ff9289e",
            "tags": [
                "O&T",
                "SSCE"
            ]
        },
        {
            "__type__": "Note",
            "data": "",
            "fields": [
                "b75a9c8217914debaaac345f34c57f8b-oa-1",
                "Causes of OA Hip",
                "<img src=\"tmpjcm9sq6f.png\" />",
                "<img src=\"b75a9c8217914debaaac345f34c57f8b-oa-1-Q.svg\" />",
                "",
                "",
                "",
                "",
                "",
                "<img src=\"b75a9c8217914debaaac345f34c57f8b-oa-1-A.svg\" />",
                "<img src=\"b75a9c8217914debaaac345f34c57f8b-oa-O.svg\" />"
            ],
            "flags": 0,
            "guid": "L[+I^%G#o;",
            "note_model_uuid": "6de80f59-2532-11e9-b2c8-c48e8ff9289e",
            "tags": [
                "O&T",
                "SSCE"
            ]
        },
        {
            "__type__": "Note",
            "data": "",
            "fields": [
                "b75a9c8217914debaaac345f34c57f8b-oa-2",
                "Causes of OA Hip",
                "<img src=\"tmpjcm9sq6f.png\" />",
                "<img src=\"b75a9c8217914debaaac345f34c57f8b-oa-2-Q.svg\" />",
                "",
                "",
                "",
                "",
                "",
                "<img src=\"b75a9c8217914debaaac345f34c57f8b-oa-2-A.svg\" />",
                "<img src=\"b75a9c8217914debaaac345f34c57f8b-oa-O.svg\" />"
            ],
            "flags": 0,
            "guid": "o?/O=&Xnoz",
            "note_model_uuid": "6de80f59-2532-11e9-b2c8-c48e8ff9289e",
            "tags": [
                "O&T",
                "SSCE"
            ]
        },
        {
            "__type__": "Note",
            "data": "",
            "fields": [
                "Radiological features of OA",
                "<img src=\"paste-e8cc611416b90bfe6fc2488e71aa3d247864abe5.jpg\">"
            ],
            "flags": 0,
            "guid": "Ai<a(_ji49",
            "note_model_uuid": "8bae70a8-18a6-11e9-ba03-c48e8ff9289e",
            "tags": [
                "O&T",
                "SSCE"
            ]
        },
        {
            "__type__": "Note",
            "data": "",
            "fields": [
                "Conservative treatments for OA",
                "<img src=\"paste-3c23e035ebbaf2cb9c8de8f71bafba698076852d.jpg\">"
            ],
            "flags": 0,
            "guid": "PQ>VCutxVx",
            "note_model_uuid": "8bae70a8-18a6-11e9-ba03-c48e8ff9289e",
            "tags": [
                "O&T",
                "SSCE"
            ]
        },
        {
            "__type__": "Note",
            "data": "",
            "fields": [
                "Surgical treatments of OA",
                "<ul><li>Arthroscopic debridement<br></li><li>Corrective osteotomy, eg. high tibial osteotomy<br></li><li>Arthrodesis (small joints)<br></li><li>Total / hemi / arthroplasty (or unicompartmental in knee)<br></li></ul>"
            ],
            "flags": 0,
            "guid": "Ae(,[)IK6~",
            "note_model_uuid": "8bae70a8-18a6-11e9-ba03-c48e8ff9289e",
            "tags": [
                "O&T",
                "SSCE"
            ]
        },
        {
            "__type__": "Note",
            "data": "",
            "fields": [
                "Presentation of stoma case",
                "1. What stoma<div>2. Complications</div><div>3. Why stoma (most likely...)</div>"
            ],
            "flags": 0,
            "guid": "rq9VbN401R",
            "note_model_uuid": "8bae70a8-18a6-11e9-ba03-c48e8ff9289e",
            "tags": [
                "LGI",
                "SSCE"
            ]
        },
        {
            "__type__": "Note",
            "data": "",
            "fields": [
                "acc9c2bcd4e347389b9a16998c4135b8-oa-1",
                "Stoma types",
                "<img src=\"tmpfoazz0hr.png\" />",
                "<img src=\"acc9c2bcd4e347389b9a16998c4135b8-oa-1-Q.svg\" />",
                "",
                "",
                "",
                "",
                "",
                "<img src=\"acc9c2bcd4e347389b9a16998c4135b8-oa-1-A.svg\" />",
                "<img src=\"acc9c2bcd4e347389b9a16998c4135b8-oa-O.svg\" />"
            ],
            "flags": 0,
            "guid": "i&r{ykZ<C)",
            "note_model_uuid": "6de80f59-2532-11e9-b2c8-c48e8ff9289e",
            "tags": [
                "LGI",
                "SSCE"
            ]
        },
        {
            "__type__": "Note",
            "data": "",
            "fields": [
                "acc9c2bcd4e347389b9a16998c4135b8-oa-2",
                "Stoma types",
                "<img src=\"tmpfoazz0hr.png\" />",
                "<img src=\"acc9c2bcd4e347389b9a16998c4135b8-oa-2-Q.svg\" />",
                "",
                "",
                "",
                "",
                "",
                "<img src=\"acc9c2bcd4e347389b9a16998c4135b8-oa-2-A.svg\" />",
                "<img src=\"acc9c2bcd4e347389b9a16998c4135b8-oa-O.svg\" />"
            ],
            "flags": 0,
            "guid": "Cyv=5+F#bu",
            "note_model_uuid": "6de80f59-2532-11e9-b2c8-c48e8ff9289e",
            "tags": [
                "LGI",
                "SSCE"
            ]
        },
        {
            "__type__": "Note",
            "data": "",
            "fields": [
                "acc9c2bcd4e347389b9a16998c4135b8-oa-3",
                "Stoma types",
                "<img src=\"tmpfoazz0hr.png\" />",
                "<img src=\"acc9c2bcd4e347389b9a16998c4135b8-oa-3-Q.svg\" />",
                "",
                "",
                "",
                "",
                "",
                "<img src=\"acc9c2bcd4e347389b9a16998c4135b8-oa-3-A.svg\" />",
                "<img src=\"acc9c2bcd4e347389b9a16998c4135b8-oa-O.svg\" />"
            ],
            "flags": 0,
            "guid": "v3mUtl+uiC",
            "note_model_uuid": "6de80f59-2532-11e9-b2c8-c48e8ff9289e",
            "tags": [
                "LGI",
                "SSCE"
            ]
        },
        {
            "__type__": "Note",
            "data": "",
            "fields": [
                "Umbilical vs Paraumbilical hernia",
                "A direct or true&nbsp;<b>umbilical hernia</b>&nbsp;consists of a symmetric protrusion through the&nbsp;<b>umbilical</b>&nbsp;ring&nbsp;and&nbsp;is seen in neonates or infants. - check umbilical skin<div>Indirect&nbsp;<b>umbilical&nbsp;</b>(<b>paraumbilical</b>)&nbsp;<b>hernias</b>&nbsp;protrude above or below the&nbsp;<b>umbilicus and</b>&nbsp;are the most common type of&nbsp;<b>umbilical hernia</b>&nbsp;in adults. - crescent shaped fascial deformity<br></div>"
            ],
            "flags": 0,
            "guid": "M#C;:eNo!~",
            "note_model_uuid": "8bae70a8-18a6-11e9-ba03-c48e8ff9289e",
            "tags": [
                "Hernia",
                "SSCE"
            ]
        },
        {
            "__type__": "Note",
            "data": "",
            "fields": [
                "DDx femoral hernia",
                "<ul><li>Other hernia: inguinal, obturator</li><li>Vascular: saphenous varix, femoral aneurysm</li><li>LN</li><li>Ectopic testis<br></li><li>Psoas abscess / bursa<br></li><li>Skin lesion</li></ul>"
            ],
            "flags": 0,
            "guid": "IXh.sR$IL_",
            "note_model_uuid": "8bae70a8-18a6-11e9-ba03-c48e8ff9289e",
            "tags": [
                "Hernia",
                "SSCE"
            ]
        },
        {
            "__type__": "Note",
            "data": "",
            "fields": [
                "What is a spigelian hernia",
                "at edge of rectus sheath (linea semilunaris) below umbilicus, but above inguinal area"
            ],
            "flags": 0,
            "guid": "n3UC]<AA87",
            "note_model_uuid": "8bae70a8-18a6-11e9-ba03-c48e8ff9289e",
            "tags": [
                "Hernia",
                "SSCE"
            ]
        },
        {
            "__type__": "Note",
            "data": "",
            "fields": [
                "What is a cough impulse",
                "swelling expands and becomes tense with coughing. an expansile cough impulse is diagnostic for hernia, but the absence of one cannot exclude hernia as the sac may be blocked by adhesions / already full"
            ],
            "flags": 0,
            "guid": "HofU/!w5E>",
            "note_model_uuid": "8bae70a8-18a6-11e9-ba03-c48e8ff9289e",
            "tags": [
                "Hernia",
                "SSCE"
            ]
        },
        {
            "__type__": "Note",
            "data": "",
            "fields": [
                "What is a hernia",
                "protrusion of peritoneal sac / organs from normal anatomical position to an abnormal one"
            ],
            "flags": 0,
            "guid": "g]Y?(ZEX5u",
            "note_model_uuid": "8bae70a8-18a6-11e9-ba03-c48e8ff9289e",
            "tags": [
                "Hernia",
                "SSCE"
            ]
        },
        {
            "__type__": "Note",
            "data": "",
            "fields": [
                "Constituents of the spermatic cord",
                "<img src=\"paste-fb9afeb251dbec139fb96fe810d55b6c87836725.jpg\">"
            ],
            "flags": 0,
            "guid": "B1&v3V3i2R",
            "note_model_uuid": "8bae70a8-18a6-11e9-ba03-c48e8ff9289e",
            "tags": [
                "Hernia",
                "SSCE"
            ]
        },
        {
            "__type__": "Note",
            "data": "",
            "fields": [
                "Anatomy of the Inguinal Canal<div><img src=\"paste-7ac224d9082a0237f8e4d96e1bcb9ac0d0d88cd3.jpg\"><br></div>",
                "Borders of the inguinal canal",
                "Where is the deep inguinal ring",
                "Midpoint of inguinal ligament vs Mid-inguinal point",
                "What is the Hesselbach's triangle",
                "",
                "",
                "",
                "",
                "",
                "",
                "",
                "",
                "",
                "",
                ""
            ],
            "flags": 0,
            "guid": "c9J,a1gT)H",
            "note_model_uuid": "0ea63c42-18aa-11e9-8474-c48e8ff9289e",
            "tags": [
                "Hernia",
                "SSCE"
            ]
        },
        {
            "__type__": "Note",
            "data": "",
            "fields": [
                "Management of hernia",
                "<img src=\"paste-9d157533e03f41783df293548ff09e26d3088430.jpg\">"
            ],
            "flags": 0,
            "guid": "l[0sJr&/QW",
            "note_model_uuid": "8bae70a8-18a6-11e9-ba03-c48e8ff9289e",
            "tags": [
                "Hernia",
                "SSCE"
            ]
        },
        {
            "__type__": "Note",
            "data": "",
            "fields": [
                "Cx hernia surgery",
                "<img src=\"paste-685807cecd5a7613e47632e6ddc71e70c17dbfd7.jpg\">"
            ],
            "flags": 0,
            "guid": "qrW,,)OOEF",
            "note_model_uuid": "8bae70a8-18a6-11e9-ba03-c48e8ff9289e",
            "tags": [
                "Hernia",
                "SSCE"
            ]
        },
        {
            "__type__": "Note",
            "data": "",
            "fields": [
                "Management of femoral hernia",
                "<img src=\"paste-9e114ef05bf58b75ce50586109cb6915f77f8af7.jpg\">"
            ],
            "flags": 0,
            "guid": "yQQ]?U>=/<",
            "note_model_uuid": "8bae70a8-18a6-11e9-ba03-c48e8ff9289e",
            "tags": [
                "Hernia",
                "SSCE"
            ]
        },
        {
            "__type__": "Note",
            "data": "",
            "fields": [
                "Bethesda system for thyroid + Mx points",
                "<img src=\"paste-7375961c6b0a800022cb38df5c8149e3fcb67df3.jpg\">"
            ],
            "flags": 0,
            "guid": "*g*BJOPZr",
            "note_model_uuid": "8bae70a8-18a6-11e9-ba03-c48e8ff9289e",
            "tags": [
                "Endocrinology",
                "SSCE",
                "Thyroid"
            ]
        },
        {
            "__type__": "Note",
            "data": "",
            "fields": [
                "62f24c3599c648abbc3472c2efdd5482-oa-1",
                "Papillary vs Follicular CA thyroid",
                "<img src=\"tmp4k5h9wat.png\" />",
                "<img src=\"62f24c3599c648abbc3472c2efdd5482-oa-1-Q.svg\" />",
                "",
                "",
                "",
                "",
                "",
                "<img src=\"62f24c3599c648abbc3472c2efdd5482-oa-1-A.svg\" />",
                "<img src=\"62f24c3599c648abbc3472c2efdd5482-oa-O.svg\" />"
            ],
            "flags": 0,
            "guid": "zdqSL!SonC",
            "note_model_uuid": "6de80f59-2532-11e9-b2c8-c48e8ff9289e",
            "tags": [
                "Endocrinology",
                "SSCE",
                "Thyroid"
            ]
        },
        {
            "__type__": "Note",
            "data": "",
            "fields": [
                "62f24c3599c648abbc3472c2efdd5482-oa-2",
                "Papillary vs Follicular CA thyroid",
                "<img src=\"tmp4k5h9wat.png\" />",
                "<img src=\"62f24c3599c648abbc3472c2efdd5482-oa-2-Q.svg\" />",
                "",
                "",
                "",
                "",
                "",
                "<img src=\"62f24c3599c648abbc3472c2efdd5482-oa-2-A.svg\" />",
                "<img src=\"62f24c3599c648abbc3472c2efdd5482-oa-O.svg\" />"
            ],
            "flags": 0,
            "guid": "uH3:D!tA7h",
            "note_model_uuid": "6de80f59-2532-11e9-b2c8-c48e8ff9289e",
            "tags": [
                "Endocrinology",
                "SSCE",
                "Thyroid"
            ]
        },
        {
            "__type__": "Note",
            "data": "",
            "fields": [
                "Preop workup for CA thyroid",
                "TFT<div>USG + FNAC</div><div>CT if extrathyroidal extension / bulky LN</div><div>Laryngoscopy x vocal cords</div>"
            ],
            "flags": 0,
            "guid": "wCDXz@S>hQ",
            "note_model_uuid": "8bae70a8-18a6-11e9-ba03-c48e8ff9289e",
            "tags": [
                "Endocrinology",
                "SSCE",
                "Thyroid"
            ]
        },
        {
            "__type__": "Note",
            "data": "",
            "fields": [
                "Complications of thyroidectomy: early and late",
                "<img src=\"paste-7b890f0cdb0a96e3669266315811f94e6cffdde0.jpg\">"
            ],
            "flags": 0,
            "guid": "({vJ!edar",
            "note_model_uuid": "8bae70a8-18a6-11e9-ba03-c48e8ff9289e",
            "tags": [
                "Endocrinology",
                "SSCE",
                "Thyroid"
            ]
        },
        {
            "__type__": "Note",
            "data": "",
            "fields": [
                "Mx post-thyroidectomy bleeding",
                "<div><ol><li>Remove all the stitches from skin down to cervical fascia&nbsp;(very first thing to do!)​<br></li><li>Supplemental oxygen + resuscitation​<br></li><li>Arrange emergency operation for hemostasis<br></li></ol></div>"
            ],
            "flags": 0,
            "guid": "h,FY8rVK;;",
            "note_model_uuid": "8bae70a8-18a6-11e9-ba03-c48e8ff9289e",
            "tags": [
                "Endocrinology",
                "SSCE",
                "Thyroid"
            ]
        },
        {
            "__type__": "Note",
            "data": "",
            "fields": [
                "Results of the tourniquet test in VV",
                "<img src=\"paste-0a90f7a52997e96de69a1a0dd0c31208f6aeec9b.jpg\">"
            ],
            "flags": 0,
            "guid": "m0%1fSu~gb",
            "note_model_uuid": "8bae70a8-18a6-11e9-ba03-c48e8ff9289e",
            "tags": [
                "SSCE",
                "Vascular"
            ]
        },
        {
            "__type__": "Note",
            "data": "",
            "fields": [
                "Concluding a VV case",
                "<div><ul><li>VV in the __ distribution<br></li><li>Level of incompetence is at __<br></li><li>Saphenous varix<br></li><li>Complications (± Grading)<br></li><li>Offer P/E: Abd P/E, Auscultate if AVF, Perthe's test, Groin LN if malignant looking ulcer</li><li>Offer Ix: Doppler USG x direction of blood flow and location by squeeze test +/- valsalva</li><li>ABI before compression stockings</li></ul></div>   "
            ],
            "flags": 0,
            "guid": "j0>:RpTn%,",
            "note_model_uuid": "8bae70a8-18a6-11e9-ba03-c48e8ff9289e",
            "tags": [
                "SSCE",
                "Vascular"
            ]
        },
        {
            "__type__": "Note",
            "data": "",
            "fields": [
                "CEAP grading for VV",
                "<img src=\"paste-ea15b715b66e8826eab15aa9004ab91898271a52.jpg\">"
            ],
            "flags": 0,
            "guid": "hI#X(Rq6qu",
            "note_model_uuid": "8bae70a8-18a6-11e9-ba03-c48e8ff9289e",
            "tags": [
                "SSCE",
                "Vascular"
            ]
        },
        {
            "__type__": "Note",
            "data": "",
            "fields": [
                "Management of VV<div><img src=\"paste-6faf6bc131b8ebceaf74c4ea67bf0bc6d69ac28b.jpg\"><br></div>",
                "Conservative Mx VV leg",
                "Indications for surgery in VV",
                "Endoluminal and surgical options for VV leg",
                "Complications of VV surgery",
                "",
                "",
                "",
                "",
                "",
                "",
                "",
                "",
                "",
                "",
                ""
            ],
            "flags": 0,
            "guid": "vvH9;{S;V,",
            "note_model_uuid": "0ea63c42-18aa-11e9-8474-c48e8ff9289e",
            "tags": [
                "SSCE",
                "Vascular"
            ]
        },
        {
            "__type__": "Note",
            "data": "",
            "fields": [
                "Dry vs Wet Gangrene",
                "<img src=\"paste-3bfd8009c621bfbcdf8a7e52bc6b2bf48b1d5bcf.jpg\">"
            ],
            "flags": 0,
            "guid": "l!:BZO$0mY",
            "note_model_uuid": "8bae70a8-18a6-11e9-ba03-c48e8ff9289e",
            "tags": [
                "SSCE",
                "Vascular"
            ]
        },
        {
            "__type__": "Note",
            "data": "",
            "fields": [
                "ABPI values: Normal vs Critical ischemia",
                "<img src=\"paste-6d6a9e7f76dd54305af3b46ace60100f05e22dee.jpg\">"
            ],
            "flags": 0,
            "guid": "wDq>w>[W,T",
            "note_model_uuid": "8bae70a8-18a6-11e9-ba03-c48e8ff9289e",
            "tags": [
                "SSCE",
                "Vascular"
            ]
        },
        {
            "__type__": "Note",
            "data": "",
            "fields": [
                "MMG features of malignancy",
                "<ul><li>asymmetry</li><li>irregular border, spiculated mass, linear branching</li><li>invasion to pectoralis major</li><li>pleomorphism</li><li>distortion of breast architecture</li><li>clusters of microcalcifications &lt;5mm</li></ul>"
            ],
            "flags": 0,
            "guid": "r>X+4{)[R#",
            "note_model_uuid": "8bae70a8-18a6-11e9-ba03-c48e8ff9289e",
            "tags": [
                "Breast",
                "SSCE"
            ]
        },
        {
            "__type__": "Note",
            "data": "",
            "fields": [
                "Presenting a mammogram",
                "<ol><li>identity, time</li><li>request paired film</li><li>(breast tissue?)</li><li>mass + features</li><li>parenchymal distortion</li><li>any invasion to pec</li><li>skin thickening</li></ol>"
            ],
            "flags": 0,
            "guid": "B`Iq!D(*W",
            "note_model_uuid": "8bae70a8-18a6-11e9-ba03-c48e8ff9289e",
            "tags": [
                "Breasat",
                "SSCE"
            ]
        },
        {
            "__type__": "Note",
            "data": "",
            "fields": [
                "Malignant features on USG breast",
                "<ul><li>hypoechoic</li><li>taller than wide</li><li>invasion to adjacent structures</li><li>hypervascularization</li><li>irregular</li><li>lymph node loss of hilum</li></ul>"
            ],
            "flags": 0,
            "guid": "Gb+n?V*d/k",
            "note_model_uuid": "8bae70a8-18a6-11e9-ba03-c48e8ff9289e",
            "tags": [
                "Breast",
                "SSCE"
            ]
        },
        {
            "__type__": "Note",
            "data": "",
            "fields": [
                "TNM staging of CA breast",
                "<img src=\"paste-77ec3ed331a2664ec5559c1f0f75972033ab6b16.jpg\">"
            ],
            "flags": 0,
            "guid": "b314rWfL1p",
            "note_model_uuid": "8bae70a8-18a6-11e9-ba03-c48e8ff9289e",
            "tags": [
                "Breast",
                "SSCE"
            ]
        },
        {
            "__type__": "Note",
            "data": "",
            "fields": [
                "Anatomy and Physiology of Breast<div><img src=\"paste-ca293bd2cdf4cee06eb73c8c6baeea490ade0d3a.jpg\"><br></div>",
                "Embryological origin of breast",
                "What is breast tissue (histology)",
                "Axillary LN levels",
                "",
                "",
                "",
                "",
                "",
                "",
                "",
                "",
                "",
                "",
                "",
                ""
            ],
            "flags": 0,
            "guid": "uNwgt~Ri8T",
            "note_model_uuid": "0ea63c42-18aa-11e9-8474-c48e8ff9289e",
            "tags": [
                "Breast",
                "SSCE"
            ]
        },
        {
            "__type__": "Note",
            "data": "",
            "fields": [
                "807e33b3dd134bfa896573313fa0d5bf-oa-1",
                "DDx Adrenal Incidentaloma",
                "<img src=\"tmp4tzn2h6f.png\" />",
                "<img src=\"807e33b3dd134bfa896573313fa0d5bf-oa-1-Q.svg\" />",
                "",
                "",
                "",
                "",
                "",
                "<img src=\"807e33b3dd134bfa896573313fa0d5bf-oa-1-A.svg\" />",
                "<img src=\"807e33b3dd134bfa896573313fa0d5bf-oa-O.svg\" />"
            ],
            "flags": 0,
            "guid": "bkf-a5MaEc",
            "note_model_uuid": "6de80f59-2532-11e9-b2c8-c48e8ff9289e",
            "tags": [
                "Adrenal",
                "Endocrinology"
            ]
        },
        {
            "__type__": "Note",
            "data": "",
            "fields": [
                "Management of incisional hernia",
                "<ul><li>Mayo Repair for small hernia<br></li><li>Sub-lay (pre-peritoneal) tension free mesh repair<br></li></ul>"
            ],
            "flags": 0,
            "guid": "fp(,#ypT7_",
            "note_model_uuid": "8bae70a8-18a6-11e9-ba03-c48e8ff9289e",
            "tags": [
                "Hernia",
                "SSCE"
            ]
        },
        {
            "__type__": "Note",
            "data": "",
            "fields": [
                "Risk factors of incisional hernia",
                "<ul><li><u>Patient</u>: age, obesity / malnutrition, chronic raised IA pressure (cough / constipation / BPH / ascites), malignancy, immuncompromised</li><li><u>Operative</u>: surgical technique, EOT, drains</li><li><u>Post-operative:</u> early mobilization, chest infection, wound Cx (infection, hematoma), tension/ischemia/necrosis</li></ul>"
            ],
            "flags": 0,
            "guid": "u}HpDHah>~",
            "note_model_uuid": "8bae70a8-18a6-11e9-ba03-c48e8ff9289e",
            "tags": [
                "Hernia",
                "SSCE"
            ]
        },
        {
            "__type__": "Note",
            "data": "",
            "fields": [
                "Fontaine classification of PVD",
                "<img src=\"paste-b3ad1a6aaa61590162e117c4fbd2da122414439b.jpg\">"
            ],
            "flags": 0,
            "guid": "C_CYVUFv&z",
            "note_model_uuid": "8bae70a8-18a6-11e9-ba03-c48e8ff9289e",
            "tags": [
                "SSCE",
                "Vascular"
            ]
        },
        {
            "__type__": "Note",
            "data": "",
            "fields": [
                "Define critical limb ischemia",
                "<ul><li>Severe rest pain requiring 2 weeks of analgesics / ulcer / gangrene</li></ul>AND<br><ul><li>Ankle SBP &lt;50mmHg / Toe BP &lt;30mmHg<br></li></ul>"
            ],
            "flags": 0,
            "guid": "A9+-I>:8]g",
            "note_model_uuid": "8bae70a8-18a6-11e9-ba03-c48e8ff9289e",
            "tags": [
                "SSCE",
                "Vascular"
            ]
        },
        {
            "__type__": "Note",
            "data": "",
            "fields": [
                "Indications for interventional management in PVD",
                "STIR:&nbsp;<div><ol><li>severe claudication refractory to conservative treatment</li><li>tissue necrosis &gt;2w</li><li>infection</li><li>rest pain &gt;2w</li></ol></div>"
            ],
            "flags": 0,
            "guid": "mB<G6|yLKU",
            "note_model_uuid": "8bae70a8-18a6-11e9-ba03-c48e8ff9289e",
            "tags": [
                "SSCE",
                "Vascular"
            ]
        },
        {
            "__type__": "Note",
            "data": "",
            "fields": [
                "Surgical management options of PVD",
                "<img src=\"paste-9184836e46c194d85200f79ce96998b4a4b8b912.jpg\">"
            ],
            "flags": 0,
            "guid": "q=?eE_:Tmj",
            "note_model_uuid": "8bae70a8-18a6-11e9-ba03-c48e8ff9289e",
            "tags": [
                "SSCE",
                "Vascular"
            ]
        },
        {
            "__type__": "Note",
            "data": "",
            "fields": [
                "Conservative Mx for PVD",
                "<img src=\"paste-bc682241effbbddcda6bc257e0a5986fc38c8d72.jpg\">"
            ],
            "flags": 0,
            "guid": "fC,(^(^YKd",
            "note_model_uuid": "8bae70a8-18a6-11e9-ba03-c48e8ff9289e",
            "tags": [
                "SSCE",
                "Vascular"
            ]
        },
        {
            "__type__": "Note",
            "data": "",
            "fields": [
                "6 P's of Px of acute limb ischemia",
                "<ul><li>Pain</li><li>Paralysis</li><li>Paresthesia</li><li>Pallor</li><li>Pulselessness</li><li>Perishingly cold</li></ul>"
            ],
            "flags": 0,
            "guid": "PPwZw)F<rU",
            "note_model_uuid": "8bae70a8-18a6-11e9-ba03-c48e8ff9289e",
            "tags": [
                "SSCE",
                "Vascular"
            ]
        },
        {
            "__type__": "Note",
            "data": "",
            "fields": [
                "Toe deformities",
                "<img src=\"paste-9a0cdb82314ab4b2ad86ea301632f703dc56c9bf.jpg\">"
            ],
            "flags": 0,
            "guid": "MbS-o8AZ`@",
            "note_model_uuid": "8bae70a8-18a6-11e9-ba03-c48e8ff9289e",
            "tags": [
                "O&T"
            ]
        },
        {
            "__type__": "Note",
            "data": "",
            "fields": [
                "Associated conditions of Dupuytren's Contracture",
                "<div>alcoholism</div><div>DM</div><div>HIV</div><div>antiepileptics (phenytoin)</div><div>pulmonary TB</div><div>Peyronie’s disease (penis)</div><div>Ledderhose’s nodules (sole of foot)</div>"
            ],
            "flags": 0,
            "guid": "Jy7KZ~5`@p",
            "note_model_uuid": "8bae70a8-18a6-11e9-ba03-c48e8ff9289e",
            "tags": [
                "O&T"
            ]
        },
        {
            "__type__": "Note",
            "data": "",
            "fields": [
                "Dupuytren's Contracture<div><img src=\"paste-0149174d3cc871bba5b3662497a3432807cb498e.jpg\"><br></div>",
                "P/E points for Dupuytren's Contracture",
                "Indication of surgery in Dupuytren's contracture",
                "Surgical intervention for Dupuytren's contracture",
                "Non-surgical options for Dupuytren's contracture",
                "",
                "",
                "",
                "",
                "",
                "",
                "",
                "",
                "",
                "",
                ""
            ],
            "flags": 0,
            "guid": "u,e21D=pAO",
            "note_model_uuid": "0ea63c42-18aa-11e9-8474-c48e8ff9289e",
            "tags": [
                "O&T"
            ]
        },
        {
            "__type__": "Note",
            "data": "",
            "fields": [
                "OA vs RA joint on XR",
                "<img src=\"paste-30c2ddedc74c864da1ff35fa1d5953021e517a91.jpg\">"
            ],
            "flags": 0,
            "guid": "dHATpI2H:w",
            "note_model_uuid": "8bae70a8-18a6-11e9-ba03-c48e8ff9289e",
            "tags": [
                "O&T"
            ]
        },
        {
            "__type__": "Note",
            "data": "",
            "fields": [
                "Clinical Child-Pugh Score",
                "<img src=\"paste-466e78c6018523f10b52f682959136919ffec03f.jpg\">"
            ],
            "flags": 0,
            "guid": "b+Z#A6C)5E",
            "note_model_uuid": "8bae70a8-18a6-11e9-ba03-c48e8ff9289e",
            "tags": [
                "HBP",
                "SSCE"
            ]
        },
        {
            "__type__": "Note",
            "data": "",
            "fields": [
                "State Courvoisier's Law and its 3 exceptions",
                "<div><i>In the presence of palpably enlarged gallbladder, which is nontender, and with mild painless jaundice, the cause is unlikely to be gallstones (wiki)</i></div><div><div>Exceptions</div> <div><ul><li>RPC<br></li><li>Mirizzi Syndrome<br></li><li>Double stone</li></ul></div> </div>"
            ],
            "flags": 0,
            "guid": "nvGF~/mJrS",
            "note_model_uuid": "8bae70a8-18a6-11e9-ba03-c48e8ff9289e",
            "tags": [
                "HBP",
                "SSCE"
            ]
        },
        {
            "__type__": "Note",
            "data": "",
            "fields": [
                "What is the Mirizzi syndrome",
                "<div>Impacted gallstone @ neck of GB / Cystic Duct compresses CBD → jaundice by obstruction, or cholecystocholedochal fistula</div>"
            ],
            "flags": 0,
            "guid": "C*Jwo_ii.",
            "note_model_uuid": "8bae70a8-18a6-11e9-ba03-c48e8ff9289e",
            "tags": [
                "HBP",
                "SSCE"
            ]
        },
        {
            "__type__": "Note",
            "data": "",
            "fields": [
                "DDx cause of ascites",
                "<img src=\"paste-a6bc17ca749675bb641dbe59535cc58ca469aca8.jpg\">"
            ],
            "flags": 0,
            "guid": "jqNJ28IFcs",
            "note_model_uuid": "8bae70a8-18a6-11e9-ba03-c48e8ff9289e",
            "tags": [
                "HBP",
                "SSCE"
            ]
        },
        {
            "__type__": "Note",
            "data": "",
            "fields": [
                "Surgery for paraumbilical hernia",
                "Sublay (extra-peritoneal mesh beneath rectus sheath)<div>Other: Mayo</div>"
            ],
            "flags": 0,
            "guid": "PfF[n~K43n",
            "note_model_uuid": "8bae70a8-18a6-11e9-ba03-c48e8ff9289e",
            "tags": [
                "Hernia",
                "SSCE"
            ]
        },
        {
            "__type__": "Note",
            "data": "",
            "fields": [
                "Ranson Score",
                "<img src=\"paste-7a8d4cbaf6afd84df47477dbcf7f428b3e88d4de.jpg\">"
            ],
            "flags": 0,
            "guid": "tLJ[l/~z~C",
            "note_model_uuid": "8bae70a8-18a6-11e9-ba03-c48e8ff9289e",
            "tags": [
                "HBP"
            ]
        },
        {
            "__type__": "Note",
            "data": "",
            "fields": [
                "Hemorrhagic pancreatitis signs (3)",
                "<div>o&nbsp;&nbsp; Grey-turner sign (flank)<br></div> <div>o&nbsp;&nbsp; Cullen’s sign (periumbilical)</div> <div>o&nbsp;&nbsp; Fox’s sign (inguinal)</div>"
            ],
            "flags": 0,
            "guid": "hFO!EU^Ur+",
            "note_model_uuid": "8bae70a8-18a6-11e9-ba03-c48e8ff9289e",
            "tags": [
                "HBP"
            ]
        },
        {
            "__type__": "Note",
            "data": "",
            "fields": [
                "DDx elevated amylase",
                "<div><ul><li>GI: Perforated bowel, IO, ischemic bowel<br></li><li>HBP: cholecystitis, cholangitis, appendicitis<br></li><li>Renal failure<br></li><li>ARDS<br></li><li>Salivary gland<br></li><li>DKA<br></li><li>Neoplasms<br></li><li>OG: ruptured ectopic, ovarian cyst, PID<br></li></ul></div>       "
            ],
            "flags": 0,
            "guid": "h%=#Mzcz2j",
            "note_model_uuid": "8bae70a8-18a6-11e9-ba03-c48e8ff9289e",
            "tags": [
                "HBP"
            ]
        },
        {
            "__type__": "Note",
            "data": "",
            "fields": [
                "Imaging to do for acute pancreatitis",
                "<ul><li>CXR, AXR</li><li>Contrast CT Abd / pancreas</li><li>USG</li><li>+/- ERCP, EUS</li></ul>"
            ],
            "flags": 0,
            "guid": "u46Z:l`&+h",
            "note_model_uuid": "8bae70a8-18a6-11e9-ba03-c48e8ff9289e",
            "tags": [
                "HBP"
            ]
        },
        {
            "__type__": "Note",
            "data": "",
            "fields": [
                "Complications of acute pancreatitis",
                "<div><ul><li>Acute fluid collection<br></li><li>Pseudocyst<br></li><li>Sterile pancreatic necrosis<br></li><li>Infection: abscess, infected necrosis (*gas on CT)<br></li><li>Chronic pancreatitis<br></li><li>Pancreatic insufficiency<br></li></ul></div>     "
            ],
            "flags": 0,
            "guid": "l1[QTR0Gq(",
            "note_model_uuid": "8bae70a8-18a6-11e9-ba03-c48e8ff9289e",
            "tags": [
                "HBP"
            ]
        },
        {
            "__type__": "Note",
            "data": "",
            "fields": [
                "Boerhaave vs Mallory Weiss",
                "<div><ul><li>Mallory weiss: incomplete tear - mucosa and submucosa only</li><li>Boerhaave: complete rupture (usually posterolateral esophagus)</li></ul></div>"
            ],
            "flags": 0,
            "guid": "I{Zw?DBU&~",
            "note_model_uuid": "8bae70a8-18a6-11e9-ba03-c48e8ff9289e",
            "tags": [
                "UGI"
            ]
        }
    ]
}