{
    "__type__": "Deck",
    "children": [],
    "crowdanki_uuid": "8bae0e0c-18a6-11e9-b3c5-c48e8ff9289e",
    "deck_config_uuid": "8bae0e0d-18a6-11e9-be22-c48e8ff9289e",
    "deck_configurations": [
        {
            "__type__": "DeckConfig",
            "autoplay": false,
            "crowdanki_uuid": "8bae0e0d-18a6-11e9-be22-c48e8ff9289e",
            "dyn": false,
            "lapse": {
                "delays": [
                    15
                ],
                "leechAction": 1,
                "leechFails": 20,
                "minInt": 1,
                "mult": 0.0
            },
            "maxTaken": 90,
            "name": "Final MB 長跑戰",
            "new": {
                "bury": false,
                "delays": [
                    1,
                    10
                ],
                "initialFactor": 2500,
                "ints": [
                    3,
                    7,
                    7
                ],
                "order": 0,
                "perDay": 15,
                "separate": true
            },
            "replayq": false,
            "rev": {
                "bury": false,
                "ease4": 1.3,
                "fuzz": 0.05,
                "hardFactor": 1.2,
                "ivlFct": 1.0,
                "maxIvl": 36500,
                "minSpace": 1,
                "perDay": 9999
            },
            "timer": 0
        }
    ],
    "desc": "",
    "dyn": 0,
    "extendNew": 10,
    "extendRev": 50,
    "media_files": [
        "paste-bc9a88351301a29d6eadc400c5cdd9ab9fa4d7f5.jpg",
        "paste-f32af056b60eda22e51de72b3b72a0d8832ff547.jpg",
        "paste-09ad551c6f3bd25ac72d96d1f846a0f87f46c88b.jpg",
        "img_201812130949491844540911.png",
        "paste-a3ce8c39cbbbda79b593d83d433b8e1fe9d1f0da.jpg"
    ],
    "name": "Surgery",
    "note_models": [
        {
            "__type__": "NoteModel",
            "crowdanki_uuid": "8bae70a8-18a6-11e9-ba03-c48e8ff9289e",
            "css": ".card {\n font-family: arial;\n font-size: 20px;\n text-align: left;\n color: black;\n background-color: white;\n}\n",
            "flds": [
                {
                    "font": "Arial",
                    "media": [],
                    "name": "Front",
                    "ord": 0,
                    "rtl": false,
                    "size": 20,
                    "sticky": false
                },
                {
                    "font": "Arial",
                    "media": [],
                    "name": "Back",
                    "ord": 1,
                    "rtl": false,
                    "size": 20,
                    "sticky": false
                }
            ],
            "latexPost": "\\end{document}",
            "latexPre": "\\documentclass[12pt]{article}\n\\special{papersize=3in,5in}\n\\usepackage[utf8]{inputenc}\n\\usepackage{amssymb,amsmath}\n\\pagestyle{empty}\n\\setlength{\\parindent}{0in}\n\\begin{document}\n",
            "name": "Basic",
            "req": [
                [
                    0,
                    "all",
                    [
                        0
                    ]
                ]
            ],
            "sortf": 0,
            "tags": [
                "HBP",
                "SSCE"
            ],
            "tmpls": [
                {
                    "afmt": "{{FrontSide}}\n\n<hr id=answer>\n\n{{Back}}",
                    "bafmt": "",
                    "bqfmt": "",
                    "did": null,
                    "name": "Card 1",
                    "ord": 0,
                    "qfmt": "{{Front}}"
                }
            ],
            "type": 0,
            "vers": []
        },
        {
            "__type__": "NoteModel",
            "crowdanki_uuid": "8baebe15-18a6-11e9-9d3f-c48e8ff9289e",
            "css": ".card {\n font-family: arial;\n font-size: 20px;\n text-align: left;\n color: black;\n background-color: white;\n}\n\n.cloze {\n font-weight: bold;\n color: blue;\n}",
            "flds": [
                {
                    "font": "Arial",
                    "media": [],
                    "name": "Text",
                    "ord": 0,
                    "rtl": false,
                    "size": 20,
                    "sticky": false
                },
                {
                    "font": "Arial",
                    "media": [],
                    "name": "Extra",
                    "ord": 1,
                    "rtl": false,
                    "size": 20,
                    "sticky": false
                }
            ],
            "latexPost": "\\end{document}",
            "latexPre": "\\documentclass[12pt]{article}\n\\special{papersize=3in,5in}\n\\usepackage[utf8]{inputenc}\n\\usepackage{amssymb,amsmath}\n\\pagestyle{empty}\n\\setlength{\\parindent}{0in}\n\\begin{document}\n",
            "name": "Cloze",
            "sortf": 0,
            "tags": [
                "SSCE"
            ],
            "tmpls": [
                {
                    "afmt": "{{cloze:Text}}<br>\n{{Extra}}",
                    "bafmt": "",
                    "bqfmt": "",
                    "did": null,
                    "name": "Cloze",
                    "ord": 0,
                    "qfmt": "{{cloze:Text}}\n\n"
                }
            ],
            "type": 1,
            "vers": []
        }
    ],
    "notes": [
        {
            "__type__": "Note",
            "data": "",
            "fields": [
                "Fluid replacement for burns patients",
                "<div><b>Parkland Formula</b> for fluid requirement:&nbsp;</div><div><div></div><div></div><img src=\"paste-bc9a88351301a29d6eadc400c5cdd9ab9fa4d7f5.jpg\"><br></div><div><br></div> <div> </div> <div>Choose 2/3/4 ml per kg depending on severity (more for inhalation, electrical, crush), age (overload!), total weight of patient etc.&nbsp;</div><div><b>Preferred fluid: Hartmann’s</b></div><div><b>Rate:&nbsp;</b>First half in first 8h, second half in next 16h</div><div>U/O Target:&nbsp;</div><div> <div>o&nbsp;&nbsp; Adults: 0.5ml/kg/h (~30-50 ml/h)</div> <div>o&nbsp;&nbsp; Children: 1.0 ml/kg/h</div><div><div> </div></div></div>"
            ],
            "flags": 0,
            "guid": "j(82Em4_Lo",
            "note_model_uuid": "8bae70a8-18a6-11e9-ba03-c48e8ff9289e",
            "tags": [
                "Formulas",
                "PRAS"
            ]
        },
        {
            "__type__": "Note",
            "data": "",
            "fields": [
                "Clues to suspect inhalational injury",
                "<img src=\"paste-09ad551c6f3bd25ac72d96d1f846a0f87f46c88b.jpg\">"
            ],
            "flags": 0,
            "guid": "bw17[j+nt0",
            "note_model_uuid": "8bae70a8-18a6-11e9-ba03-c48e8ff9289e",
            "tags": [
                "PRAS"
            ]
        },
        {
            "__type__": "Note",
            "data": "",
            "fields": [
                "Causes of acute pancreatitis",
                "<img src='img_201812130949491844540911.png'/>"
            ],
            "flags": 0,
            "guid": "8YWM1",
            "note_model_uuid": "8bae70a8-18a6-11e9-ba03-c48e8ff9289e",
            "tags": [
                "Abdominal",
                "DDx",
                "HBP"
            ]
        },
        {
            "__type__": "Note",
            "data": "",
            "fields": [
                "BEE equation includes",
                "sex<br>age<br>weight<br>height"
            ],
            "flags": 0,
            "guid": "^/5*U",
            "note_model_uuid": "8bae70a8-18a6-11e9-ba03-c48e8ff9289e",
            "tags": [
                "nutrition"
            ]
        },
        {
            "__type__": "Note",
            "data": "",
            "fields": [
                "Total Energy Expenditure",
                "= BEE * Activity factor + Stress factor"
            ],
            "flags": 0,
            "guid": "7ima4",
            "note_model_uuid": "8bae70a8-18a6-11e9-ba03-c48e8ff9289e",
            "tags": [
                "nutrition"
            ]
        },
        {
            "__type__": "Note",
            "data": "",
            "fields": [
                "fluid replacement formula",
                "first 10 kg: 1000ml<br>second 10 kg: 500ml<br>subsequent 10 kgs: 200ml"
            ],
            "flags": 0,
            "guid": "K3YqA",
            "note_model_uuid": "8bae70a8-18a6-11e9-ba03-c48e8ff9289e",
            "tags": [
                "fluids"
            ]
        },
        {
            "__type__": "Note",
            "data": "",
            "fields": [
                "<div>Lipoma presentation</div><div><div>There is a {{c1::hemispherical or lobulated}} mass at {{c1::site}}. The overlying skin has {{c1::a scar suggesting recurrence}}.&nbsp;</div><div>\"Is this painful if I touch it?\" → \"I will proceed to palpation.\"&nbsp;</div><div>The temperature is {{c1::the same}} compared to surrounding skin. The surface is {{c1::smooth / lobulated}}. The consistency is {{c1::soft to firm}}, +/- fluctuance. Its border is {{c1::well defined}}. The size is {{c1::__}}. It is {{c1::not attached}} to overlying skin.&nbsp;</div><div>\"Please do this movement\". It is {{c1::possibly attached}} to underlying muscle.</div><div>The {{c1:: slip sign}} is positive.&nbsp;</div> <div>To complete my examination, I would like to turn off the room lights and use the pen torch for any transillumination.&nbsp;</div></div><div>I would like to examine for {{c1::other similar lumps}}, and ask {{c1::how this lump affects the patient}}. My top differential diagnosis is a lipoma.</div><div>Management options include conservative management with {{c1::observation}}, and surgical management by {{c1::excision}} or {{c1::suction lipolysis}}.&nbsp;</div>",
                ""
            ],
            "flags": 0,
            "guid": "tmBh=(J|n!",
            "note_model_uuid": "8baebe15-18a6-11e9-9d3f-c48e8ff9289e",
            "tags": [
                "SSCE"
            ]
        },
        {
            "__type__": "Note",
            "data": "",
            "fields": [
                "<div>Sebaceous cyst presentation</div><div>There is a {{c1::hemispherical}} mass at {{c1::(hairy area)}}. The overlying skin has {{c1::a punctum}}. </div> <div>\"Is this painful if I touch it?\" → \"I will proceed to palpation.\" </div> <div>The temperature is {{c1::the same}} compared to surrounding skin. The surface is {{c1::smooth}}. The consistency is {{c1::soft to firm}}, with/without fluctuance. Its border is {{c1::well defined}}. The size is {{c1::__}}. It is {{c1::ATTACHED}} to overlying skin.&nbsp;</div><div>\"Please do this movement\". It is {{c1::not attached}} to underlying muscle.</div> <div>To complete my examination, I would like to turn off the room lights and use the pen torch for any transillumination.&nbsp;</div><div>My provisional diagnosis is a sebaceous cyst.&nbsp;</div><div>I would like to examine for {{c1::other similar lumps}}. Management options include {{c1::surgical excision}}.&nbsp;</div>",
                ""
            ],
            "flags": 0,
            "guid": "d^4hWEY);g",
            "note_model_uuid": "8baebe15-18a6-11e9-9d3f-c48e8ff9289e",
            "tags": [
                "SSCE"
            ]
        },
        {
            "__type__": "Note",
            "data": "",
            "fields": [
                "Presentation of Ganglion<div><div>There is a {{c1::hemispherical}} mass at {{c1::the wrist / dorsum of hand / other synovial structure}}. The overlying skin has {{c1::a scar suggesting recurrence}}. </div> <div>\"Is this painful if I touch it?\" → \"I will proceed to palpation.\" </div> <div>The temperature is {{c1::normal}} compared to surrounding skin. The surface is {{c1::smooth but possibly multiloculated}}. The consistency is {{c1::soft to firm}}, with fluctuance. Its border is {{c1::well defined}}. The size is {{c1::__}}. It is {{c1::not attached}} to overlying skin.&nbsp;</div><div>\"Please do this movement\". It is {{c1::not attached}} to underlying muscle. </div> <div>To complete my examination, I would like to<br></div> <div>Turn off the room lights and use the pen torch for any transillumination. Should it be weakly transilluminable, my provisional diagnosis is a ganglion cyst.&nbsp;</div><div>Management options include conservative Mx with {{c1::watching and waiting}}, Surgical management with {{c1::aspiration and immobilization}} or {{c1::complete excision}}. Complications would be {{c1::damage to adjacent neurovascular structures, wound Cx, and recurrence.&nbsp;}}</div></div>",
                ""
            ],
            "flags": 0,
            "guid": "uo]&w7MBBw",
            "note_model_uuid": "8baebe15-18a6-11e9-9d3f-c48e8ff9289e",
            "tags": [
                "SSCE"
            ]
        },
        {
            "__type__": "Note",
            "data": "",
            "fields": [
                "<div>SCC presentation</div><div>There is a {{c1::fleshy, fungating}} lesion at {{c1::sun-exposed site}}. The lesion has {{c1::a heaped, raised everted edge}} with ulceration that has {{c1::dried blood/discharge at the base}}. The color is {{c1::pink}}. The surrounding skin has {{c1::become thickened and edematous}}. </div> <div>\"Is this painful if I touch it?\" → \"I will proceed to palpation.\" </div><div>The lesion is no-ntender.&nbsp;</div> <div>The lesion is {{c1::not attached?}} to underlying muscle. </div> <div>I would like to examine for other similar lesions, and examine the regional lymph nodes. </div> <div>My provisional diagnosis is a squamous cell carcinoma of the skin.&nbsp;</div> <div>Management includes a biopsy of the lesion by incisional or excisional biopsy. Other workup should include pre-op workup. Treatment options are surgical excision {{c1:: with &gt;5mm margins with LN dissection for clinically apparent LN}}.&nbsp;</div>",
                ""
            ],
            "flags": 0,
            "guid": "BrntJ!XqPk",
            "note_model_uuid": "8baebe15-18a6-11e9-9d3f-c48e8ff9289e",
            "tags": [
                "SSCE"
            ]
        },
        {
            "__type__": "Note",
            "data": "",
            "fields": [
                "<div>Presentation of BCC</div><div>There is a lesion at {{c1::the face}}. The lesion has {{c1::a RAISED ROLLED PEARLY EDGE}} with central ulceration that has {{c1::a shallow, sloughy ulcer base}}. The color is {{c1::pigmented, with telangectasia}}. The surrounding skin has {{c1::no skin changes}}.<br></div> <div>\"Is this painful if I touch it?\" → \"I will proceed to palpation.\" </div> <div>The lesion is {{c1::not attached}} to underlying muscle. </div> <div>I would like to examine for other similar lesions, and examine the regional lymph nodes. </div> <div>My provisional diagnosis is a basal cell carcinoma of the skin. An important differential diagnosis is {{c1::malignant melanoma}}.&nbsp;</div> <div>Management includes a biopsy of the lesion by incisional or excisional biopsy. Other workup should include pre-op workup. Treatment options are {{c1::surgical excision w/ 2-3mm margin}}.&nbsp;</div>",
                ""
            ],
            "flags": 0,
            "guid": "dr)|:4&r-o",
            "note_model_uuid": "8baebe15-18a6-11e9-9d3f-c48e8ff9289e",
            "tags": [
                "SSCE"
            ]
        },
        {
            "__type__": "Note",
            "data": "",
            "fields": [
                "Malignant Melanoma presentation<div><div>There is a {{c1::asymmetrical}} lesion at {{c1::limbs}}. The lesion has {{c1::irregular border}} with/without ulceration that has {{c1::bleeding}}. The color is {{c1::varied within the lesion}}. The surrounding skin has {{c1::erythema / brown skin change / satellite nodules}}. </div> <div>\"Is this painful if I touch it?\" → \"I will proceed to palpation.\" </div> <div>The lesion is {{c1::not attached}} to underlying muscle. </div> <div>I would like to examine for other similar lesions, and examine the regional lymph nodes. </div> <div>My provisional diagnosis is a </div> <div>Management includes a biopsy of the lesion by {{c1::excisional biopsy for Breslow's Thickness}}. Other workup should include pre-op workup and {{c1::workup for metastasis, including CXR and staging CT}}. Treatment options after the biopsy would be {{c1::secondary surgical excision with margins according to the depth of invasion, and SLNB}}.&nbsp;</div></div>",
                ""
            ],
            "flags": 0,
            "guid": "nol33GX4@&",
            "note_model_uuid": "8baebe15-18a6-11e9-9d3f-c48e8ff9289e",
            "tags": [
                "SSCE"
            ]
        },
        {
            "__type__": "Note",
            "data": "",
            "fields": [
                "most common type of melanoma in HK",
                "<div>Acral Lentiginous Melanoma</div>"
            ],
            "flags": 0,
            "guid": "F&%g#T_nau",
            "note_model_uuid": "8bae70a8-18a6-11e9-ba03-c48e8ff9289e",
            "tags": [
                "SSCE"
            ]
        },
        {
            "__type__": "Note",
            "data": "",
            "fields": [
                "SCC premalignant lesions",
                "<div>actinic keratosis, Bowen's disease</div>"
            ],
            "flags": 0,
            "guid": "F|SRYXB:nk",
            "note_model_uuid": "8bae70a8-18a6-11e9-ba03-c48e8ff9289e",
            "tags": [
                "SSCE"
            ]
        },
        {
            "__type__": "Note",
            "data": "",
            "fields": [
                "Histological types of sebaceous cyst",
                "<div>Epidermal (infundibular portion of hair follicle) vs Trichilemmal (scalp)</div>"
            ],
            "flags": 0,
            "guid": "qhDO8TKXnn",
            "note_model_uuid": "8bae70a8-18a6-11e9-ba03-c48e8ff9289e",
            "tags": [
                "SSCE"
            ]
        },
        {
            "__type__": "Note",
            "data": "",
            "fields": [
                "Related syndrome for sebaceous cyst",
                "<div>Gardner’s syndrome if multiple</div>"
            ],
            "flags": 0,
            "guid": "g[JlmQY!6/",
            "note_model_uuid": "8bae70a8-18a6-11e9-ba03-c48e8ff9289e",
            "tags": [
                "SSCE"
            ]
        },
        {
            "__type__": "Note",
            "data": "",
            "fields": [
                "Multiple painful lipomas -disease?",
                "<div>Dercum’s disease (a/w peripheral neuropathy)</div>"
            ],
            "flags": 0,
            "guid": "I5D(b4XKI)",
            "note_model_uuid": "8bae70a8-18a6-11e9-ba03-c48e8ff9289e",
            "tags": [
                "SSCE"
            ]
        },
        {
            "__type__": "Note",
            "data": "",
            "fields": [
                "What is a ganglion cyst",
                "<div>Cystic swelling related to a synovial lined cavity (joint, tendon sheath).</div>"
            ],
            "flags": 0,
            "guid": "e[0q5*~R2z",
            "note_model_uuid": "8bae70a8-18a6-11e9-ba03-c48e8ff9289e",
            "tags": [
                "SSCE"
            ]
        },
        {
            "__type__": "Note",
            "data": "",
            "fields": [
                "Ix for sole hepatomegaly",
                "<img src=\"paste-f32af056b60eda22e51de72b3b72a0d8832ff547.jpg\">"
            ],
            "flags": 0,
            "guid": "b}i808;_gc",
            "note_model_uuid": "8bae70a8-18a6-11e9-ba03-c48e8ff9289e",
            "tags": [
                "HBP",
                "SSCE"
            ]
        },
        {
            "__type__": "Note",
            "data": "",
            "fields": [
                "Liver lesions: Triphasic CT DDx",
                "<img src=\"paste-a3ce8c39cbbbda79b593d83d433b8e1fe9d1f0da.jpg\">"
            ],
            "flags": 0,
            "guid": "wr.~|]nGq9",
            "note_model_uuid": "8bae70a8-18a6-11e9-ba03-c48e8ff9289e",
            "tags": [
                "HBP",
                "SSCE"
            ]
        }
    ]
}