{
    "__type__": "Deck",
    "children": [],
    "crowdanki_uuid": "0ea52a3a-18aa-11e9-9c16-c48e8ff9289e",
    "deck_config_uuid": "8bae0e0d-18a6-11e9-be22-c48e8ff9289e",
    "deck_configurations": [
        {
            "__type__": "DeckConfig",
            "autoplay": false,
            "crowdanki_uuid": "8bae0e0d-18a6-11e9-be22-c48e8ff9289e",
            "dyn": false,
            "lapse": {
                "delays": [
                    15
                ],
                "leechAction": 1,
                "leechFails": 20,
                "minInt": 1,
                "mult": 0.0
            },
            "maxTaken": 90,
            "name": "Final MB 長跑戰",
            "new": {
                "bury": false,
                "delays": [
                    1,
                    10
                ],
                "initialFactor": 2500,
                "ints": [
                    3,
                    7,
                    7
                ],
                "order": 0,
                "perDay": 15,
                "separate": true
            },
            "replayq": false,
            "rev": {
                "bury": false,
                "ease4": 1.3,
                "fuzz": 0.05,
                "hardFactor": 1.2,
                "ivlFct": 1.0,
                "maxIvl": 36500,
                "minSpace": 1,
                "perDay": 9999
            },
            "timer": 0
        }
    ],
    "desc": "",
    "dyn": 0,
    "extendNew": 10,
    "extendRev": 50,
    "media_files": [
        "paste-7e5fa4e8435a61a7ee1e784e7c92ab8b7e563433.jpg",
        "paste-0e52297ceacf6a4c19886cc5fe102f04b19f5f43.jpg",
        "images.jpg",
        "paste-60ec87b548ca397a7dfbeec8af0aa80af22e4184.jpg",
        "paste-adf13c2242416c5a34245ef2270d1689f3cb0c29.jpg",
        "paste-7f0cc6b6b7adce59f90d82a10931a7402bdfe9cc.jpg",
        "paste-53d4863dc8b258894ca813c03afa7357e2c1b38e.jpg",
        "paste-9e7f9ae369d3c24119bb9560a707d843a18ee132.jpg",
        "paste-7ce3a38ff07c11d592064ea01b584aa31d472818.jpg",
        "paste-68536e6f33ff14a8fa95ddbaab2f0aa6a7ad47cf.jpg",
        "paste-de71bcc9b03696a8f0afe26c705239f48269bf1a.jpg",
        "paste-bae1b9253cdca5c4c59b1544fba1a85c8acadf7c.jpg",
        "paste-17b8b007c42e5a1e82afeada29d2c4b24c9450df.jpg",
        "paste-7f776ee19f604209d45e0f7d03a19ac61278811a.jpg",
        "paste-c26288dbc8af89f90cbd36cc78774d189d0fe93f.jpg",
        "paste-0eb042acf54bcaf2079fab9c100c56032c32ad22.jpg",
        "paste-ba23afc8dd474ed3aa178eca0d1120fbbbeda32c.jpg",
        "paste-805e2f49cda6268f7eb410bcf67ab611cba06f27.jpg",
        "paste-74a98543f944fe4335a8903296383b80fba788c5.jpg",
        "paste-fe9427e9a3eb973f7817c6b69b1c59f66a2c8a58.jpg",
        "paste-7fee02b591d0bf5d5f27a19ae654c49a93a27269.jpg",
        "paste-0ed536e76e4ec2f327a229b79af59f2f47819260.jpg",
        "paste-f5567ca1da52efd2a6b4e4132d1b3ef65fd82f19.jpg",
        "paste-8206f36120e6073e22261a5b28c607776e6a0a50.jpg",
        "paste-27bf42734e4f55a0165fc340da505ed677b64d79.jpg",
        "clip_image001.jpg",
        "paste-7acff02487939c12d631b58876b6d9e812ed6545.jpg",
        "_20181016_232959.JPG",
        "paste-97da3700e17b131024ec6f4f25078429ecfd8c30.jpg",
        "paste-c29fb85475ca940c066262f6d4061e1338544ea8.jpg",
        "paste-8d5a235d4f6b24b4cb66b29f0dcb6c89f6f6673a.jpg",
        "paste-3e9ebb9d8fc6d9b0280b52212b13619cb8a2e01a.jpg",
        "paste-8c2c06eadee62014a499ff7e9a5ca648e42a4e2c.jpg",
        "paste-bfa15b18e40ef227e9060a45b34d9fb8487add17.jpg",
        "paste-e0d50f24a51e08ac890ef79fa0fcbddd73dab6cf.jpg",
        "paste-5fff603fcb5bf7acf18d45ca9d57c3857b6c9be4.jpg",
        "C8zOkMoWAAAXgH4.jpg"
    ],
    "mid": "1446203818521",
    "name": "Medicine",
    "note_models": [
        {
            "__type__": "NoteModel",
            "crowdanki_uuid": "8bae70a8-18a6-11e9-ba03-c48e8ff9289e",
            "css": ".card {\n font-family: arial;\n font-size: 20px;\n text-align: left;\n color: black;\n background-color: white;\n}\n",
            "flds": [
                {
                    "font": "Arial",
                    "media": [],
                    "name": "Front",
                    "ord": 0,
                    "rtl": false,
                    "size": 20,
                    "sticky": false
                },
                {
                    "font": "Arial",
                    "media": [],
                    "name": "Back",
                    "ord": 1,
                    "rtl": false,
                    "size": 20,
                    "sticky": false
                }
            ],
            "latexPost": "\\end{document}",
            "latexPre": "\\documentclass[12pt]{article}\n\\special{papersize=3in,5in}\n\\usepackage[utf8]{inputenc}\n\\usepackage{amssymb,amsmath}\n\\pagestyle{empty}\n\\setlength{\\parindent}{0in}\n\\begin{document}\n",
            "name": "Basic",
            "req": [
                [
                    0,
                    "all",
                    [
                        0
                    ]
                ]
            ],
            "sortf": 0,
            "tags": [
                "HBP",
                "SSCE"
            ],
            "tmpls": [
                {
                    "afmt": "{{FrontSide}}\n\n<hr id=answer>\n\n{{Back}}",
                    "bafmt": "",
                    "bqfmt": "",
                    "did": null,
                    "name": "Card 1",
                    "ord": 0,
                    "qfmt": "{{Front}}"
                }
            ],
            "type": 0,
            "vers": []
        },
        {
            "__type__": "NoteModel",
            "crowdanki_uuid": "0ea63c42-18aa-11e9-8474-c48e8ff9289e",
            "css": ".card {\n font-family: arial;\n font-size: 20px;\n text-align: left;\n color: black;\n background-color: white;\n}\n",
            "flds": [
                {
                    "font": "Arial",
                    "media": [],
                    "name": "A",
                    "ord": 0,
                    "rtl": false,
                    "size": 20,
                    "sticky": false
                },
                {
                    "font": "Arial",
                    "media": [],
                    "name": "Q1",
                    "ord": 1,
                    "rtl": false,
                    "size": 20,
                    "sticky": false
                },
                {
                    "font": "Arial",
                    "media": [],
                    "name": "Q2",
                    "ord": 2,
                    "rtl": false,
                    "size": 20,
                    "sticky": false
                },
                {
                    "font": "Arial",
                    "media": [],
                    "name": "Q3",
                    "ord": 3,
                    "rtl": false,
                    "size": 20,
                    "sticky": false
                },
                {
                    "font": "Arial",
                    "media": [],
                    "name": "Q4",
                    "ord": 4,
                    "rtl": false,
                    "size": 20,
                    "sticky": false
                },
                {
                    "font": "Arial",
                    "media": [],
                    "name": "Q5",
                    "ord": 5,
                    "rtl": false,
                    "size": 20,
                    "sticky": false
                },
                {
                    "font": "Arial",
                    "media": [],
                    "name": "Q6",
                    "ord": 6,
                    "rtl": false,
                    "size": 20,
                    "sticky": false
                },
                {
                    "font": "Arial",
                    "media": [],
                    "name": "Q7",
                    "ord": 7,
                    "rtl": false,
                    "size": 20,
                    "sticky": false
                },
                {
                    "font": "Arial",
                    "media": [],
                    "name": "Q8",
                    "ord": 8,
                    "rtl": false,
                    "size": 20,
                    "sticky": false
                },
                {
                    "font": "Arial",
                    "media": [],
                    "name": "Q9",
                    "ord": 9,
                    "rtl": false,
                    "size": 20,
                    "sticky": false
                },
                {
                    "font": "Arial",
                    "media": [],
                    "name": "Q10",
                    "ord": 10,
                    "rtl": false,
                    "size": 20,
                    "sticky": false
                },
                {
                    "font": "Arial",
                    "media": [],
                    "name": "Q11",
                    "ord": 11,
                    "rtl": false,
                    "size": 20,
                    "sticky": false
                },
                {
                    "font": "Arial",
                    "media": [],
                    "name": "Q12",
                    "ord": 12,
                    "rtl": false,
                    "size": 20,
                    "sticky": false
                },
                {
                    "font": "Arial",
                    "media": [],
                    "name": "Q13",
                    "ord": 13,
                    "rtl": false,
                    "size": 20,
                    "sticky": false
                },
                {
                    "font": "Arial",
                    "media": [],
                    "name": "Q14",
                    "ord": 14,
                    "rtl": false,
                    "size": 20,
                    "sticky": false
                },
                {
                    "font": "Arial",
                    "media": [],
                    "name": "Q15",
                    "ord": 15,
                    "rtl": false,
                    "size": 20,
                    "sticky": false
                }
            ],
            "latexPost": "\\end{document}",
            "latexPre": "\\documentclass[12pt]{article}\n\\special{papersize=3in,5in}\n\\usepackage[utf8]{inputenc}\n\\usepackage{amssymb,amsmath}\n\\pagestyle{empty}\n\\setlength{\\parindent}{0in}\n\\begin{document}\n",
            "name": "10 questions",
            "req": [
                [
                    0,
                    "all",
                    [
                        1
                    ]
                ],
                [
                    1,
                    "all",
                    [
                        2
                    ]
                ],
                [
                    2,
                    "all",
                    [
                        3
                    ]
                ],
                [
                    3,
                    "all",
                    [
                        4
                    ]
                ],
                [
                    4,
                    "all",
                    [
                        5
                    ]
                ],
                [
                    5,
                    "all",
                    [
                        6
                    ]
                ],
                [
                    6,
                    "all",
                    [
                        7
                    ]
                ],
                [
                    7,
                    "all",
                    [
                        8
                    ]
                ],
                [
                    8,
                    "all",
                    [
                        9
                    ]
                ],
                [
                    9,
                    "all",
                    [
                        10
                    ]
                ],
                [
                    10,
                    "all",
                    [
                        11
                    ]
                ],
                [
                    11,
                    "all",
                    [
                        12
                    ]
                ],
                [
                    12,
                    "all",
                    [
                        13
                    ]
                ],
                [
                    13,
                    "all",
                    [
                        14
                    ]
                ],
                [
                    14,
                    "all",
                    [
                        15
                    ]
                ]
            ],
            "sortf": 0,
            "tags": [
                "MSK"
            ],
            "tmpls": [
                {
                    "afmt": "{{FrontSide}}\n\n<hr id=answer>\n\n{{A}}",
                    "bafmt": "",
                    "bqfmt": "",
                    "did": null,
                    "name": "Card 1",
                    "ord": 0,
                    "qfmt": "{{Q1}}"
                },
                {
                    "afmt": "{{FrontSide}}\n\n<hr id=answer>\n\n{{A}}",
                    "bafmt": "",
                    "bqfmt": "",
                    "did": null,
                    "name": "Card 2",
                    "ord": 1,
                    "qfmt": "{{Q2}}"
                },
                {
                    "afmt": "{{FrontSide}}\n\n<hr id=answer>\n\n{{A}}",
                    "bafmt": "",
                    "bqfmt": "",
                    "did": null,
                    "name": "Card 3",
                    "ord": 2,
                    "qfmt": "{{Q3}}"
                },
                {
                    "afmt": "{{FrontSide}}\n\n<hr id=answer>\n\n{{A}}",
                    "bafmt": "",
                    "bqfmt": "",
                    "did": null,
                    "name": "Card 4",
                    "ord": 3,
                    "qfmt": "{{Q4}}"
                },
                {
                    "afmt": "{{FrontSide}}\n\n<hr id=answer>\n\n{{A}}",
                    "bafmt": "",
                    "bqfmt": "",
                    "did": null,
                    "name": "Card 5",
                    "ord": 4,
                    "qfmt": "{{Q5}}"
                },
                {
                    "afmt": "{{FrontSide}}\n\n<hr id=answer>\n\n{{A}}",
                    "bafmt": "",
                    "bqfmt": "",
                    "did": null,
                    "name": "Card 6",
                    "ord": 5,
                    "qfmt": "{{Q6}}"
                },
                {
                    "afmt": "{{FrontSide}}\n\n<hr id=answer>\n\n{{A}}",
                    "bafmt": "",
                    "bqfmt": "",
                    "did": null,
                    "name": "Card 7",
                    "ord": 6,
                    "qfmt": "{{Q7}}"
                },
                {
                    "afmt": "{{FrontSide}}\n\n<hr id=answer>\n\n{{A}}",
                    "bafmt": "",
                    "bqfmt": "",
                    "did": null,
                    "name": "Card 8",
                    "ord": 7,
                    "qfmt": "{{Q8}}"
                },
                {
                    "afmt": "{{FrontSide}}\n\n<hr id=answer>\n\n{{A}}",
                    "bafmt": "",
                    "bqfmt": "",
                    "did": null,
                    "name": "Card 9",
                    "ord": 8,
                    "qfmt": "{{Q9}}"
                },
                {
                    "afmt": "{{FrontSide}}\n\n<hr id=answer>\n\n{{A}}",
                    "bafmt": "",
                    "bqfmt": "",
                    "did": null,
                    "name": "Card 10",
                    "ord": 9,
                    "qfmt": "{{Q10}}"
                },
                {
                    "afmt": "{{FrontSide}}\n\n<hr id=answer>\n\n{{A}}",
                    "bafmt": "",
                    "bqfmt": "",
                    "did": null,
                    "name": "Card 11",
                    "ord": 10,
                    "qfmt": "{{Q11}}"
                },
                {
                    "afmt": "{{FrontSide}}\n\n<hr id=answer>\n\n{{A}}",
                    "bafmt": "",
                    "bqfmt": "",
                    "did": null,
                    "name": "Card 12",
                    "ord": 11,
                    "qfmt": "{{Q12}}"
                },
                {
                    "afmt": "{{FrontSide}}\n\n<hr id=answer>\n\n{{A}}",
                    "bafmt": "",
                    "bqfmt": "",
                    "did": null,
                    "name": "Card 13",
                    "ord": 12,
                    "qfmt": "{{Q13}}"
                },
                {
                    "afmt": "{{FrontSide}}\n\n<hr id=answer>\n\n{{A}}",
                    "bafmt": "",
                    "bqfmt": "",
                    "did": null,
                    "name": "Card 14",
                    "ord": 13,
                    "qfmt": "{{Q14}}"
                },
                {
                    "afmt": "{{FrontSide}}\n\n<hr id=answer>\n\n{{A}}",
                    "bafmt": "",
                    "bqfmt": "",
                    "did": null,
                    "name": "Card 15",
                    "ord": 14,
                    "qfmt": "{{Q15}}"
                }
            ],
            "type": 0,
            "vers": []
        }
    ],
    "notes": [
        {
            "__type__": "Note",
            "data": "",
            "fields": [
                "Contraindications to tPA for Acute Stroke",
                "<img src=\"paste-9e7f9ae369d3c24119bb9560a707d843a18ee132.jpg\">"
            ],
            "flags": 0,
            "guid": "tU48&m?*,t",
            "note_model_uuid": "8bae70a8-18a6-11e9-ba03-c48e8ff9289e",
            "tags": [
                "CVA",
                "Neurology"
            ]
        },
        {
            "__type__": "Note",
            "data": "",
            "fields": [
                "Causes of Complete Heart Block",
                "<div>Drug: AV blocking</div> <div>Post-MI</div><div>Metabolic: Hypoxia, HyperK, Hypothy&nbsp;</div> <div>Neuromuscular: dystrophies</div> <div>Cardiomyopathy, myocarditis, endocarditis</div> Post-procedure"
            ],
            "flags": 0,
            "guid": "jpLdNLa;!S",
            "note_model_uuid": "8bae70a8-18a6-11e9-ba03-c48e8ff9289e",
            "tags": [
                "Arrhythmia",
                "Cardiology",
                "DDx"
            ]
        },
        {
            "__type__": "Note",
            "data": "",
            "fields": [
                "Intervention sequence for unstable bradycardia",
                "<img src=\"paste-68536e6f33ff14a8fa95ddbaab2f0aa6a7ad47cf.jpg\"><br><div>Do not delay TCP while awaiting iv access to give atropine. Verify patient tolerance and mechanical capture. Analgesia and sedation<br></div>prn.&nbsp;"
            ],
            "flags": 0,
            "guid": "QeZmVjaXV_",
            "note_model_uuid": "8bae70a8-18a6-11e9-ba03-c48e8ff9289e",
            "tags": [
                "Arrhythmia",
                "Cardiology"
            ]
        },
        {
            "__type__": "Note",
            "data": "",
            "fields": [
                "Indications for pleurodesis",
                "<img src=\"paste-8206f36120e6073e22261a5b28c607776e6a0a50.jpg\">"
            ],
            "flags": 0,
            "guid": "nTbZg:28)H",
            "note_model_uuid": "8bae70a8-18a6-11e9-ba03-c48e8ff9289e",
            "tags": [
                "CTS",
                "Respirology"
            ]
        },
        {
            "__type__": "Note",
            "data": "",
            "fields": [
                "Calculation of % pneumothorax",
                "<img src=\"paste-de71bcc9b03696a8f0afe26c705239f48269bf1a.jpg\">"
            ],
            "flags": 0,
            "guid": "ioyDWJs78A",
            "note_model_uuid": "8bae70a8-18a6-11e9-ba03-c48e8ff9289e",
            "tags": [
                "Formulas",
                "Respirology"
            ]
        },
        {
            "__type__": "Note",
            "data": "",
            "fields": [
                "GCS",
                "<img src=\"C8zOkMoWAAAXgH4.jpg\">"
            ],
            "flags": 0,
            "guid": "JH{kF%}&,c",
            "note_model_uuid": "8bae70a8-18a6-11e9-ba03-c48e8ff9289e",
            "tags": [
                "Acute_Med",
                "Neurology"
            ]
        },
        {
            "__type__": "Note",
            "data": "",
            "fields": [
                "Cushing's Reflex",
                "<b>hypertension, bradycardia, irregular breathing</b>"
            ],
            "flags": 0,
            "guid": "jb}!^M)@.{",
            "note_model_uuid": "8bae70a8-18a6-11e9-ba03-c48e8ff9289e",
            "tags": [
                "Acute_Med",
                "Neurology"
            ]
        },
        {
            "__type__": "Note",
            "data": "",
            "fields": [
                "What happens in uncal herniation",
                "<img src=\"paste-7ce3a38ff07c11d592064ea01b584aa31d472818.jpg\">"
            ],
            "flags": 0,
            "guid": "DAl4Ox[W{k",
            "note_model_uuid": "8bae70a8-18a6-11e9-ba03-c48e8ff9289e",
            "tags": [
                "Acute_Med",
                "Neurology"
            ]
        },
        {
            "__type__": "Note",
            "data": "",
            "fields": [
                "What happens in tonsillar herniation",
                "<img src=\"paste-7ce3a38ff07c11d592064ea01b584aa31d472818.jpg\">"
            ],
            "flags": 0,
            "guid": "h~[,RM_p96",
            "note_model_uuid": "8bae70a8-18a6-11e9-ba03-c48e8ff9289e",
            "tags": [
                "Acute_Med",
                "Neurology"
            ]
        },
        {
            "__type__": "Note",
            "data": "",
            "fields": [
                "Mean ICP calculation",
                "<div>Mean ICP ≈ MAP – mean CPP (cerebral perfusion pressure)</div>"
            ],
            "flags": 0,
            "guid": "Aj!aXm-t&}",
            "note_model_uuid": "8bae70a8-18a6-11e9-ba03-c48e8ff9289e",
            "tags": [
                "Acute_Med",
                "Neurology"
            ]
        },
        {
            "__type__": "Note",
            "data": "",
            "fields": [
                "Cerebral perfusion pressure: normal, warning, and recommended for TBI",
                "<div><div><div>·&nbsp;&nbsp;&nbsp;&nbsp;&nbsp;&nbsp; Normal ICP: 5-15 mmHg</div><div>·&nbsp;&nbsp;&nbsp;&nbsp;&nbsp;&nbsp; Warning: &gt;20 mmHg</div></div><div><div>·&nbsp;&nbsp;&nbsp;&nbsp;&nbsp;&nbsp; Recommended CPP for TBI patient: 60-70 mmHg</div></div></div>"
            ],
            "flags": 0,
            "guid": "bmZ2;Gsv5<",
            "note_model_uuid": "8bae70a8-18a6-11e9-ba03-c48e8ff9289e",
            "tags": [
                "Acute_Med",
                "Neurology",
                "marked"
            ]
        },
        {
            "__type__": "Note",
            "data": "",
            "fields": [
                "SLICC 2012 for SLE",
                "<div>Satisfies 4 of the diagnostic criteria, including at least 1 clinical and 1 immunologic criteria&nbsp;<br></div><div> or</div> <div>Biopsy proven lupus nephritis with ANA or anti-dsDNA Ab</div><div><br></div><div><img src=\"paste-7fee02b591d0bf5d5f27a19ae654c49a93a27269.jpg\"><br></div>"
            ],
            "flags": 0,
            "guid": "<b%FO",
            "note_model_uuid": "8bae70a8-18a6-11e9-ba03-c48e8ff9289e",
            "tags": [
                "Rheumatology"
            ]
        },
        {
            "__type__": "Note",
            "data": "",
            "fields": [
                "Contraindications to tPA for stroke",
                "<img src=\"paste-27bf42734e4f55a0165fc340da505ed677b64d79.jpg\">"
            ],
            "flags": 0,
            "guid": "odEivV5^[?",
            "note_model_uuid": "8bae70a8-18a6-11e9-ba03-c48e8ff9289e",
            "tags": [
                "Neurology",
                "Stroke"
            ]
        },
        {
            "__type__": "Note",
            "data": "",
            "fields": [
                "Five lacunar syndromes",
                "<img src=\"paste-5fff603fcb5bf7acf18d45ca9d57c3857b6c9be4.jpg\">"
            ],
            "flags": 0,
            "guid": "p$=1wMqP$s",
            "note_model_uuid": "8bae70a8-18a6-11e9-ba03-c48e8ff9289e",
            "tags": [
                "Neurology",
                "Stroke"
            ]
        },
        {
            "__type__": "Note",
            "data": "",
            "fields": [
                "<img src=\"_20181016_232959.JPG\">",
                "List cortical localizing signs",
                "",
                "",
                "",
                "",
                "",
                "",
                "",
                "",
                "",
                "",
                "",
                "",
                "",
                ""
            ],
            "flags": 0,
            "guid": "zf?$k_e,%z",
            "note_model_uuid": "0ea63c42-18aa-11e9-8474-c48e8ff9289e",
            "tags": [
                "Neurology",
                "Stroke"
            ]
        },
        {
            "__type__": "Note",
            "data": "",
            "fields": [
                "Bloods for stroke",
                "<b>CBC </b>x Plt, anemia<div><b>RFT </b>x electorlytes, medication, hypertension DDx</div><div><b>LFT </b>x medication</div><div><b>Clotting</b></div><div><b>Blood glucose</b>: immediate x hypogly, next morning fasting sample x RF</div><div><b>Lipid </b>x RF</div>"
            ],
            "flags": 0,
            "guid": "A$_&Snbfgr",
            "note_model_uuid": "8bae70a8-18a6-11e9-ba03-c48e8ff9289e",
            "tags": [
                "Neurology",
                "Stroke"
            ]
        },
        {
            "__type__": "Note",
            "data": "",
            "fields": [
                "Approach to CTB in suspected stroke",
                "1. Exclude hemorrhagic<div>2. Infarct? Early - loss of G/W diff, insular ribbon sign, effaced sulci, dense/dot MCA</div><div>3. Mass effect</div>"
            ],
            "flags": 0,
            "guid": "qGi,gqEOO?",
            "note_model_uuid": "8bae70a8-18a6-11e9-ba03-c48e8ff9289e",
            "tags": [
                "Neurology",
                "Stroke"
            ]
        },
        {
            "__type__": "Note",
            "data": "",
            "fields": [
                "Ix for acute stroke other than bloods and CTB",
                "ECG x cardiac cause<div>CXR:&nbsp;aortic dissection, cardiomegaly</div>"
            ],
            "flags": 0,
            "guid": "s+rPN3;88N",
            "note_model_uuid": "8bae70a8-18a6-11e9-ba03-c48e8ff9289e",
            "tags": [
                "Neurology",
                "Stroke"
            ]
        },
        {
            "__type__": "Note",
            "data": "",
            "fields": [
                "Fancy Ix for acute stroke",
                "Diagnosis: MRI (DWI x very acute infarct<div><br><div>Function: MRI / PET x perfusion</div><div><br></div><div>DDx / Mx:&nbsp;<br><div>MRA, CTA (good for Mx guide), cerebral angiography<div>Echo x cardioembolic stroke</div><div>Duplex carotids, then DSA</div><div>VDRL<br></div><div>Hyper-coagulopathy: antiphospholipid, protein C, protein S</div><div>Autoimmune screen</div></div></div></div>"
            ],
            "flags": 0,
            "guid": "PpCk`nOrVC",
            "note_model_uuid": "8bae70a8-18a6-11e9-ba03-c48e8ff9289e",
            "tags": [
                "Neurology",
                "Stroke"
            ]
        },
        {
            "__type__": "Note",
            "data": "",
            "fields": [
                "Supportive Mx of Stroke",
                "D: swallowing assessment<div>A: positioning / Mx for contractures, pressure sores, subluxation</div><div>V: regular neuro and vitals obs (BP/P, SpO2, T, I/O, Glucose, GCS, limb, pupils), +/- cardiac mon</div>"
            ],
            "flags": 0,
            "guid": "H/ov6VM}RP",
            "note_model_uuid": "8bae70a8-18a6-11e9-ba03-c48e8ff9289e",
            "tags": [
                "Neurology",
                "Stroke"
            ]
        },
        {
            "__type__": "Note",
            "data": "",
            "fields": [
                "BP control in stroke",
                "Ischemic: IND for HT emergency, &gt;220/&gt;120, or for tPA<div><br></div><div>Hemorrhagic: IND for SBP &gt;200 (&gt;180 for no raised ICP), Mean BP &gt;150 (&gt;130 for no raised ICP), target 140 is ok.&nbsp;</div>"
            ],
            "flags": 0,
            "guid": "NenYD<S,~V",
            "note_model_uuid": "8bae70a8-18a6-11e9-ba03-c48e8ff9289e",
            "tags": [
                "Neurology",
                "Stroke"
            ]
        },
        {
            "__type__": "Note",
            "data": "",
            "fields": [
                "Treatment of ischemic stroke",
                "- Aspirin (w/h if tPA)<div>- Thrombolytic IND for 3-4.5h, good premorbid.&nbsp;</div><div>- Immediate anticoagulation IND for dissection, cardiac cause, cerebral venous thrombosis. Not for BP &gt;180/110 or large infarcts</div><div>- Decompressive hemicraniectomy x malignant MCA syndrome</div>"
            ],
            "flags": 0,
            "guid": "c0U_hqDVip",
            "note_model_uuid": "8bae70a8-18a6-11e9-ba03-c48e8ff9289e",
            "tags": [
                "Neurology",
                "Stroke"
            ]
        },
        {
            "__type__": "Note",
            "data": "",
            "fields": [
                "Treatment for acute hemorrhagic stroke",
                "1. If high INR, on Warfarin: 5-10mg IV Vit K, PCC +/- FFP<div>2. Consult neurosur</div>"
            ],
            "flags": 0,
            "guid": "eeF<=`U5w/",
            "note_model_uuid": "8bae70a8-18a6-11e9-ba03-c48e8ff9289e",
            "tags": [
                "Neurology",
                "Stroke"
            ]
        },
        {
            "__type__": "Note",
            "data": "",
            "fields": [
                "Mx of stroke after acute stage",
                "1. Rehab<div>2. Risk factors: anticoagulate x cardioembolic, aspirin x ischemic (dual x high risk TIA / minor stroke), CEA if symptomatic carotid stenosis</div>"
            ],
            "flags": 0,
            "guid": "vv]mpEs7[=",
            "note_model_uuid": "8bae70a8-18a6-11e9-ba03-c48e8ff9289e",
            "tags": [
                "Neurology",
                "Stroke"
            ]
        },
        {
            "__type__": "Note",
            "data": "",
            "fields": [
                "Revised Jones Criteria for ARF",
                "<img src=\"paste-97da3700e17b131024ec6f4f25078429ecfd8c30.jpg\"><br><div><img src=\"images.jpg\"><br></div>"
            ],
            "flags": 0,
            "guid": "J[sQx5)h/Y",
            "note_model_uuid": "8bae70a8-18a6-11e9-ba03-c48e8ff9289e",
            "tags": [
                "Cardiology",
                "ID"
            ]
        },
        {
            "__type__": "Note",
            "data": "",
            "fields": [
                "General management of valve problem",
                "Ix:<div>ECG x rhythm (AF / conduction), complications (LA or ventricular)</div><div>CXR x HF, hypertrophy / dilatations</div><div>Echo x confirm Dx, severity, etiology</div><div><br></div><div>Mx:&nbsp;</div><div>- rhythm</div><div>- HF</div><div>- AF</div><div>- Consider surgery</div>"
            ],
            "flags": 0,
            "guid": "rR-0C$Iy)+",
            "note_model_uuid": "8bae70a8-18a6-11e9-ba03-c48e8ff9289e",
            "tags": [
                "Cardiology"
            ]
        },
        {
            "__type__": "Note",
            "data": "",
            "fields": [
                "Def stable angina",
                "reproducible chest pain on exertion, relieved by rest/ TNG."
            ],
            "flags": 0,
            "guid": "hkGCV*TF<#",
            "note_model_uuid": "8bae70a8-18a6-11e9-ba03-c48e8ff9289e",
            "tags": [
                "Cardiology"
            ]
        },
        {
            "__type__": "Note",
            "data": "",
            "fields": [
                "Def&nbsp;<b>Unstable angina</b>",
                "<div><b>Unstable angina</b>: symptoms of angina with any of following:</div> <div>o&nbsp;&nbsp; Rest angina ≥ 20 minutes</div> <div>o&nbsp;&nbsp; Severe/ new onset pain with deterioration in ADL</div> <div>o&nbsp;&nbsp; Crescendo pattern: increasing in frequency, duration or strength</div>"
            ],
            "flags": 0,
            "guid": "l}]p{7oA+y",
            "note_model_uuid": "8bae70a8-18a6-11e9-ba03-c48e8ff9289e",
            "tags": [
                "Cardiology"
            ]
        },
        {
            "__type__": "Note",
            "data": "",
            "fields": [
                "Pathophys unstable angina, N-STEMI, STEMI",
                "<img src=\"paste-f5567ca1da52efd2a6b4e4132d1b3ef65fd82f19.jpg\">"
            ],
            "flags": 0,
            "guid": "CCGo#*mqNv",
            "note_model_uuid": "8bae70a8-18a6-11e9-ba03-c48e8ff9289e",
            "tags": [
                "Cardiology"
            ]
        },
        {
            "__type__": "Note",
            "data": "",
            "fields": [
                "Presentation of a Renal Case",
                "<img src=\"paste-fe9427e9a3eb973f7817c6b69b1c59f66a2c8a58.jpg\">"
            ],
            "flags": 0,
            "guid": "uvBdXc!W#]",
            "note_model_uuid": "8bae70a8-18a6-11e9-ba03-c48e8ff9289e",
            "tags": [
                "Abdominal",
                "P/E",
                "Renal"
            ]
        },
        {
            "__type__": "Note",
            "data": "",
            "fields": [
                "DDx Clubbing",
                "<img src=\"paste-7f776ee19f604209d45e0f7d03a19ac61278811a.jpg\">"
            ],
            "flags": 0,
            "guid": "IlhMdu}pLj",
            "note_model_uuid": "8bae70a8-18a6-11e9-ba03-c48e8ff9289e",
            "tags": [
                "DDx",
                "General_Medicine",
                "P/E"
            ]
        },
        {
            "__type__": "Note",
            "data": "",
            "fields": [
                "DDx Hepato/Spleno/Both-megaly",
                "<img src=\"paste-bfa15b18e40ef227e9060a45b34d9fb8487add17.jpg\">"
            ],
            "flags": 0,
            "guid": "L`Y}k#?:Wv",
            "note_model_uuid": "8bae70a8-18a6-11e9-ba03-c48e8ff9289e",
            "tags": [
                "Abdominal",
                "DDx",
                "P/E"
            ]
        },
        {
            "__type__": "Note",
            "data": "",
            "fields": [
                "DDx Ascites",
                "<img src=\"paste-bae1b9253cdca5c4c59b1544fba1a85c8acadf7c.jpg\">"
            ],
            "flags": 0,
            "guid": "tKP!xLj8/x",
            "note_model_uuid": "8bae70a8-18a6-11e9-ba03-c48e8ff9289e",
            "tags": [
                "Abdominal",
                "DDx",
                "P/E"
            ]
        },
        {
            "__type__": "Note",
            "data": "",
            "fields": [
                "CHA2DS2VASc",
                "<div>Congestive HF</div> <div>Hypertension</div> <div>Age &gt;75 (2 points)</div> <div>DM</div> <div>Stroke</div> <div>Vascular disease</div> <div>Age 65-75</div> <div>Sex female</div>"
            ],
            "flags": 0,
            "guid": "GJ3Jn;gRx`",
            "note_model_uuid": "8bae70a8-18a6-11e9-ba03-c48e8ff9289e",
            "tags": [
                "Cardiology"
            ]
        },
        {
            "__type__": "Note",
            "data": "",
            "fields": [
                "HASBLED",
                "<div>HT</div> <div>Abn LRFT</div> <div>Stroke</div> <div>Bleeding history or risk</div> <div>Labile INR</div> <div>Elderly &gt;65</div> <div>Drugs (antiplatelet, NSAID) &amp; alcohol</div>"
            ],
            "flags": 0,
            "guid": "vq+jsqPKmr",
            "note_model_uuid": "8bae70a8-18a6-11e9-ba03-c48e8ff9289e",
            "tags": [
                "Cardiology"
            ]
        },
        {
            "__type__": "Note",
            "data": "",
            "fields": [
                "Approach to valvular replacement case",
                "<img src=\"paste-74a98543f944fe4335a8903296383b80fba788c5.jpg\">"
            ],
            "flags": 0,
            "guid": "r%,sNBD_ES",
            "note_model_uuid": "8bae70a8-18a6-11e9-ba03-c48e8ff9289e",
            "tags": [
                "Cardiology",
                "P/E"
            ]
        },
        {
            "__type__": "Note",
            "data": "",
            "fields": [
                "Valve-related high risk category needing Abx prophylaxis",
                "<img src=\"paste-7acff02487939c12d631b58876b6d9e812ed6545.jpg\">"
            ],
            "flags": 0,
            "guid": "A!?gsvovaU",
            "note_model_uuid": "8bae70a8-18a6-11e9-ba03-c48e8ff9289e",
            "tags": [
                "Cardiology"
            ]
        },
        {
            "__type__": "Note",
            "data": "",
            "fields": [
                "Absolute CIx Fibrinolytic (STEMI)",
                "Bleeding now<div>- actually bleeding</div><div>- suspected AD<br><div><div>Bleeding before</div><div>- CVA in 3m</div><div>- closed head / facial trauma in 3m</div><div><div>Bleeding maybe</div>- severe uncontrolled HT<br><div>- Neoplasm in brain</div><div>- AVM in brain</div><div>No repeat streptokinase within 6m</div></div></div></div>"
            ],
            "flags": 0,
            "guid": "by?|qCnPJj",
            "note_model_uuid": "8bae70a8-18a6-11e9-ba03-c48e8ff9289e",
            "tags": [
                "Cardiology"
            ]
        },
        {
            "__type__": "Note",
            "data": "",
            "fields": [
                "STEMI Cx",
                "ACTRAPI(D)<div>- arrhythmia</div><div>- CHF / APO</div><div>- Thrombus (@LV)</div><div>- Rupture</div><div>- Aneurysm</div><div>- Pericarditis (Dressler syndrome)</div><div>- Infarct / Re-infarct</div><div>- (D: Dressler syndrome: rub 2-10d after MI, need aspirin, NSAID, pericardiocentesis)</div>"
            ],
            "flags": 0,
            "guid": "bn!2nQ~,.d",
            "note_model_uuid": "8bae70a8-18a6-11e9-ba03-c48e8ff9289e",
            "tags": [
                "Cardiology"
            ]
        },
        {
            "__type__": "Note",
            "data": "",
            "fields": [
                "TIMI Score",
                "For ACS with no ST elevation (risk of MI in 14d)<div>- Age ≥ 65<br></div> <div>- Aspirin use in the last 7 days</div><div>- 2+ angina episodes within the last 24hrs<br></div> <div>- ST changes of at least 0.5mm on admission EKG</div> <div>- Elevated serum cardiac biomarkers</div> <div>- Known CAD (stenosis ≥ 50%)</div> <div>- 3+ RF for CAD, such as: HT(140/90) or on drugs, current smoker, hypercholesterolemia, DM, FHx premature CAD (male &lt;55, female &lt;65)</div>"
            ],
            "flags": 0,
            "guid": "LQ8aHK=?nI",
            "note_model_uuid": "8bae70a8-18a6-11e9-ba03-c48e8ff9289e",
            "tags": [
                "Cardiology"
            ]
        },
        {
            "__type__": "Note",
            "data": "",
            "fields": [
                "What is in the pituitary panel",
                "<div>Thyroid: TSH, FT4</div> <div>Spot cortisol, When stable: LDSST</div> <div>Sex: LH, FSH, E2/Testosterone</div> <div>PRL</div> <div>GH: IGF-1</div>"
            ],
            "flags": 0,
            "guid": "d2)/.!:C=",
            "note_model_uuid": "8bae70a8-18a6-11e9-ba03-c48e8ff9289e",
            "tags": [
                "Endocrinology"
            ]
        },
        {
            "__type__": "Note",
            "data": "",
            "fields": [
                "DDx etiology of panhypopituitarism",
                "<img src=\"paste-60ec87b548ca397a7dfbeec8af0aa80af22e4184.jpg\">"
            ],
            "flags": 0,
            "guid": "hdKMG|z]0h",
            "note_model_uuid": "8bae70a8-18a6-11e9-ba03-c48e8ff9289e",
            "tags": [
                "DDx",
                "Endocrinology"
            ]
        },
        {
            "__type__": "Note",
            "data": "",
            "fields": [
                "<div>Name hemat malignancy classification</div>",
                "<img src=\"clip_image001.jpg\">"
            ],
            "flags": 0,
            "guid": "E9Mv%0a1E7",
            "note_model_uuid": "8bae70a8-18a6-11e9-ba03-c48e8ff9289e",
            "tags": [
                "Haematology",
                "Oncology"
            ]
        },
        {
            "__type__": "Note",
            "data": "",
            "fields": [
                "Management of Addisonian Crisis",
                "<img src=\"paste-adf13c2242416c5a34245ef2270d1689f3cb0c29.jpg\">"
            ],
            "flags": 0,
            "guid": "mMd`)QR-*2",
            "note_model_uuid": "8bae70a8-18a6-11e9-ba03-c48e8ff9289e",
            "tags": [
                "Endocrinology",
                "Houseman_Handbook",
                "Management"
            ]
        },
        {
            "__type__": "Note",
            "data": "",
            "fields": [
                "Explain blood Ix for adrenal insufficiency",
                "<img src=\"paste-7e5fa4e8435a61a7ee1e784e7c92ab8b7e563433.jpg\"><br><div><img src=\"paste-c29fb85475ca940c066262f6d4061e1338544ea8.jpg\"><br></div><div><img src=\"paste-53d4863dc8b258894ca813c03afa7357e2c1b38e.jpg\"><br></div>"
            ],
            "flags": 0,
            "guid": "uifhbooH@n",
            "note_model_uuid": "8bae70a8-18a6-11e9-ba03-c48e8ff9289e",
            "tags": [
                "Endocrinology",
                "Investigation"
            ]
        },
        {
            "__type__": "Note",
            "data": "",
            "fields": [
                "Motor innervation of LL for P/E",
                "Helps to remember:&nbsp;<div>Hip 2345, Knee 3451, Ankle 45(5)12<br></div><div><img src=\"paste-17b8b007c42e5a1e82afeada29d2c4b24c9450df.jpg\"><br></div>"
            ],
            "flags": 0,
            "guid": "r+d8[eA[yn",
            "note_model_uuid": "8bae70a8-18a6-11e9-ba03-c48e8ff9289e",
            "tags": [
                "Neurology",
                "P/E"
            ]
        },
        {
            "__type__": "Note",
            "data": "",
            "fields": [
                "DDx Bilateral Cerebellar Signs",
                "Generally (MAVIS)<div>- MSA&nbsp;</div><div>- Alcohol&nbsp;</div><div>- Vascular: Posterior circulation&nbsp;</div><div>- Inherited - Atrophy&nbsp;</div><div>- SOL</div><div><br></div><div>Specifically: VITAMINCD<br><div><img src=\"paste-8c2c06eadee62014a499ff7e9a5ca648e42a4e2c.jpg\"><br></div></div>"
            ],
            "flags": 0,
            "guid": "d5F0c{2Nmx",
            "note_model_uuid": "8bae70a8-18a6-11e9-ba03-c48e8ff9289e",
            "tags": [
                "DDx",
                "Neurology"
            ]
        },
        {
            "__type__": "Note",
            "data": "",
            "fields": [
                "Drugs for Mx Acute Gout",
                "<img src=\"paste-805e2f49cda6268f7eb410bcf67ab611cba06f27.jpg\">"
            ],
            "flags": 0,
            "guid": "~{BKooWvF",
            "note_model_uuid": "8bae70a8-18a6-11e9-ba03-c48e8ff9289e",
            "tags": [
                "MSK",
                "Management"
            ]
        },
        {
            "__type__": "Note",
            "data": "",
            "fields": [
                "Indications for Urate Lowering Therapy in Gout",
                "Hyperuricemia + &gt;2 acute gouty attacks in 1 year&nbsp;<div>Tophaceous gout&nbsp;</div><div>Urate renal calculi&nbsp;</div><div>Gouty Nephropathy<br></div>"
            ],
            "flags": 0,
            "guid": "g_o?^Q#4GK",
            "note_model_uuid": "8bae70a8-18a6-11e9-ba03-c48e8ff9289e",
            "tags": [
                "MSK",
                "Management"
            ]
        },
        {
            "__type__": "Note",
            "data": "",
            "fields": [
                "Urate Lowering Therapy: Drugs",
                "<img src=\"paste-e0d50f24a51e08ac890ef79fa0fcbddd73dab6cf.jpg\">"
            ],
            "flags": 0,
            "guid": "CcxBv1]lut",
            "note_model_uuid": "8bae70a8-18a6-11e9-ba03-c48e8ff9289e",
            "tags": [
                "MSK",
                "Management"
            ]
        },
        {
            "__type__": "Note",
            "data": "",
            "fields": [
                "DDx Palpable Kidney",
                "<img src=\"paste-0ed536e76e4ec2f327a229b79af59f2f47819260.jpg\">"
            ],
            "flags": 0,
            "guid": "it.2`HG}+G",
            "note_model_uuid": "8bae70a8-18a6-11e9-ba03-c48e8ff9289e",
            "tags": [
                "Abdominal",
                "DDx",
                "P/E"
            ]
        },
        {
            "__type__": "Note",
            "data": "",
            "fields": [
                "Neurological Hx and P/E for alcoholism",
                "Peripheral neuropathy&nbsp;<div>Proximal myopathy&nbsp;</div><div>Cerebellar syndrome Bilateral sixth nerve palsy - Wernicke’s encephaloathy&nbsp;</div><div>Recent memory loss&nbsp;</div><div>Confabulation as in Korsakoff’s psychosis<br></div>"
            ],
            "flags": 0,
            "guid": "YNZ:z7lQv",
            "note_model_uuid": "8bae70a8-18a6-11e9-ba03-c48e8ff9289e",
            "tags": [
                "Neurology",
                "P/E"
            ]
        },
        {
            "__type__": "Note",
            "data": "",
            "fields": [
                "DDx of gouty arthritis",
                "Pseudogout<div>Septic arthritis</div><div>OA</div>"
            ],
            "flags": 0,
            "guid": "L:|G4j#Hg{",
            "note_model_uuid": "8bae70a8-18a6-11e9-ba03-c48e8ff9289e",
            "tags": [
                "DDx",
                "MSK"
            ]
        },
        {
            "__type__": "Note",
            "data": "",
            "fields": [
                "Gout vs Pseudogout",
                "<b>Definite Gout</b>: Intracellular negative birefringent urate crystals on joint fluid microscopy<br><b> Presumed Gout:&nbsp;</b>Classical history of episodic acute arthritis rapidly resolved with NSAID ( / colchicine) + history of hyperuricemia<br><div><b>Pseudogout</b>: weakly positive birefringent rhomboid shaped crystal (Calcium pyrophosphate dihydrate)<br></div>"
            ],
            "flags": 0,
            "guid": "EJ8zh%p;)U",
            "note_model_uuid": "8bae70a8-18a6-11e9-ba03-c48e8ff9289e",
            "tags": [
                "DDx",
                "MSK"
            ]
        },
        {
            "__type__": "Note",
            "data": "",
            "fields": [
                "Allopurinol SJS gene",
                "HLA-B*5801"
            ],
            "flags": 0,
            "guid": "GJfnFR>yqN",
            "note_model_uuid": "8bae70a8-18a6-11e9-ba03-c48e8ff9289e",
            "tags": [
                "Toxicology"
            ]
        },
        {
            "__type__": "Note",
            "data": "",
            "fields": [
                "<b>Urate Lowering Therapy</b><div><img src=\"paste-c26288dbc8af89f90cbd36cc78774d189d0fe93f.jpg\"><b><br></b></div>",
                "How do you start allopurinol for gout",
                "Allopurinol S/E and cautions",
                "CIx to allopurinol",
                "What is febuxostat and what are the CIx / Cx / cautions",
                "CIx to uricosuric drugs",
                "CIx to uricases",
                "",
                "",
                "",
                "",
                "",
                "",
                "",
                "",
                ""
            ],
            "flags": 0,
            "guid": "i?V!<Fm<n%",
            "note_model_uuid": "0ea63c42-18aa-11e9-8474-c48e8ff9289e",
            "tags": [
                "MSK"
            ]
        },
        {
            "__type__": "Note",
            "data": "",
            "fields": [
                "Expected biochemical abnormalities in DKA",
                "<img src=\"paste-7f0cc6b6b7adce59f90d82a10931a7402bdfe9cc.jpg\"><br><div><img src=\"paste-8d5a235d4f6b24b4cb66b29f0dcb6c89f6f6673a.jpg\"><br></div>"
            ],
            "flags": 0,
            "guid": "saZy5bk%L",
            "note_model_uuid": "8bae70a8-18a6-11e9-ba03-c48e8ff9289e",
            "tags": [
                "DKA",
                "DM",
                "Endocrinology"
            ]
        },
        {
            "__type__": "Note",
            "data": "",
            "fields": [
                "Management of DKA (hky version)",
                "<img src=\"paste-0eb042acf54bcaf2079fab9c100c56032c32ad22.jpg\"><br><div><img src=\"paste-ba23afc8dd474ed3aa178eca0d1120fbbbeda32c.jpg\"><br></div><div><img src=\"paste-0e52297ceacf6a4c19886cc5fe102f04b19f5f43.jpg\"><br></div><div><img src=\"paste-3e9ebb9d8fc6d9b0280b52212b13619cb8a2e01a.jpg\"><br></div>"
            ],
            "flags": 0,
            "guid": "d]Z.U@`&J%",
            "note_model_uuid": "8bae70a8-18a6-11e9-ba03-c48e8ff9289e",
            "tags": [
                "DKA",
                "DM",
                "Endocrinology",
                "Management"
            ]
        }
    ]
}